"","Fecha","Último","Apertura","Máximo","Mínimo","Vol.","% var."
"1",2022-11-10,17589.1,15887,18138.2,15799.3,"720,74K","10,71%"
"2",2022-11-09,15886.9,18538.9,18583.8,15603.3,"869,57K","-14,25%"
"3",2022-11-08,18527.4,20589,20667.5,17260,"865,10K","-10,01%"
"4",2022-11-07,20589,20916.3,21055.4,20410.5,"414,24K","-1,56%"
"5",2022-11-06,20916.3,21298.7,21360.4,20901,"242,26K","-1,81%"
"6",2022-11-05,21301.6,21145.7,21464.7,21084.1,"261,23K","0,74%"
"7",2022-11-04,21145.9,20206.4,21281.9,20184.6,"499,50K","4,65%"
"8",2022-11-03,20206.4,20154,20384.5,20066.6,"347,23K","0,26%"
"9",2022-11-02,20154.4,20482.9,20778.3,20065.8,"420,23K","-1,61%"
"10",2022-11-01,20483.5,20496.1,20676.6,20348.1,"302,72K","-0,06%"
"11",2022-10-31,20496.3,20626,20822.4,20260,"327,47K","-0,63%"
"12",2022-10-30,20626.3,20809.4,20922.3,20522.5,"207,63K","-0,88%"
"13",2022-10-29,20809.8,20594.2,21038.1,20561.9,"276,54K","1,05%"
"14",2022-10-28,20594.4,20293,20744,20058.2,"318,90K","1,49%"
"15",2022-10-27,20292.9,20769.5,20867.9,20231.6,"365,49K","-2,29%"
"16",2022-10-26,20769.5,20086.8,20981.5,20062.9,"427,99K","3,42%"
"17",2022-10-25,20082.7,19331.8,20406.9,19249,"371,54K","3,89%"
"18",2022-10-24,19331.5,19571.2,19588.6,19177.2,"286,94K","-1,22%"
"19",2022-10-23,19571.2,19204.8,19680.9,19092.5,"180,63K","1,91%"
"20",2022-10-22,19204.8,19162.6,19249.9,19116.1,"118,24K","0,22%"
"21",2022-10-21,19162.6,19042.9,19245.5,18703.3,"294,66K","0,63%"
"22",2022-10-20,19042.9,19125.1,19334.5,18935.6,"253,20K","-0,42%"
"23",2022-10-19,19123.9,19328.2,19358.6,19101.2,"209,28K","-1,06%"
"24",2022-10-18,19328.2,19548.4,19692.9,19102.8,"290,07K","-1,13%"
"25",2022-10-17,19548.2,19262.2,19663.5,19163.6,"248,40K","1,49%"
"26",2022-10-16,19261.9,19068.8,19411.9,19066,"140,95K","1,01%"
"27",2022-10-15,19068.7,19181.7,19218.7,19000.8,"123,66K","-0,59%"
"28",2022-10-14,19181.8,19379.8,19933.9,19098.6,"400,45K","-1,02%"
"29",2022-10-13,19379.8,19154.6,19494.4,18207.9,"455,13K","1,17%"
"30",2022-10-12,19154.8,19058.5,19212.6,19010.6,"242,18K","0,50%"
"31",2022-10-11,19059.1,19134.3,19261.3,18868.7,"288,57K","-0,39%"
"32",2022-10-10,19134.6,19441.7,19520.7,19057,"243,77K","-1,58%"
"33",2022-10-09,19441,19416.3,19552.1,19329.6,"127,53K","0,13%"
"34",2022-10-08,19415,19530.2,19612.2,19274.7,"113,50K","-0,60%"
"35",2022-10-07,19531.3,19962.4,20051.4,19352.1,"263,50K","-2,13%"
"36",2022-10-06,19956.7,20157.5,20436.7,19873.7,"370,60K","-1,00%"
"37",2022-10-05,20157.5,20340.5,20353.8,19761.7,"352,76K","-0,90%"
"38",2022-10-04,20340.2,19629.7,20436.1,19506.4,"368,17K","3,63%"
"39",2022-10-03,19628.3,19057.6,19676,19001.3,"333,03K","3,02%"
"40",2022-10-02,19052.2,19311.9,19389.9,18937.3,"222,82K","-1,34%"
"41",2022-10-01,19311.9,19422.9,19480.3,19172.6,"173,91K","-0,57%"
"42",2022-09-30,19423,19593.4,20174.9,19208.9,"490,29K","-0,87%"
"43",2022-09-29,19593,19420.2,19631.5,18877.9,"449,57K","0,94%"
"44",2022-09-28,19411,19083.4,19757.8,18505.3,"581,19K","1,73%"
"45",2022-09-27,19081,19228.8,20361.2,18850.4,"660,12K","-0,75%"
"46",2022-09-26,19225.7,18803.1,19304.8,18695.2,"516,03K","2,25%"
"47",2022-09-25,18803.2,18925.1,19125.1,18659.6,"209,71K","-0,64%"
"48",2022-09-24,18925.2,19288.4,19310.6,18812,"258,50K","-1,91%"
"49",2022-09-23,19293.5,19404.1,19477.3,18554.8,"431,15K","-0,57%"
"50",2022-09-22,19404,18488.1,19490.9,18371,"448,63K","4,95%"
"51",2022-09-21,18489,18875.1,19758.4,18191.8,"446,85K","-2,03%"
"52",2022-09-20,18872.4,19538.9,19626.3,18742.6,"361,18K","-3,41%"
"53",2022-09-19,19538.9,19417.4,19666.6,18277.8,"423,43K","0,62%"
"54",2022-09-18,19418.8,20113.9,20113.9,19347.7,"273,11K","-3,45%"
"55",2022-09-17,20113.5,19802.8,20178.6,19761,"204,58K","1,57%"
"56",2022-09-16,19802.4,19701.9,19883,19352.9,"315,59K","0,51%"
"57",2022-09-15,19701.7,20222.3,20321.4,19532.3,"358,42K","-2,58%"
"58",2022-09-14,20222.5,20175.5,20503.7,19654.2,"374,22K","0,23%"
"59",2022-09-13,20175.5,22395.3,22702.5,19909.6,"485,32K","-9,91%"
"60",2022-09-12,22395.3,21836.6,22465.4,21581.6,"431,98K","2,57%"
"61",2022-09-11,21834.9,21650.4,21836.4,21363,"297,12K","0,85%"
"62",2022-09-10,21650.4,21363.8,21790.6,21139.9,"331,12K","1,33%"
"63",2022-09-09,21365.2,19318.8,21545.7,19294.1,"480,37K","10,60%"
"64",2022-09-08,19317.4,19281.5,19444.7,19034.5,"291,43K","0,19%"
"65",2022-09-07,19281.5,18786.3,19445.9,18548.4,"319,10K","2,64%"
"66",2022-09-06,18786.4,19793.4,20169.3,18723.3,"402,43K","-5,09%"
"67",2022-09-05,19793.1,19999.9,20042.9,19650.7,"238,71K","-1,03%"
"68",2022-09-04,19999.9,19832.2,20017.8,19594.7,"158,27K","0,85%"
"69",2022-09-03,19831.4,19952.8,20043.8,19660.7,"157,85K","-0,61%"
"70",2022-09-02,19952.7,20131.6,20428.2,19764.7,"272,22K","-0,86%"
"71",2022-09-01,20126.1,20049.9,20202.7,19584.4,"275,08K","0,41%"
"72",2022-08-31,20043.9,19793.4,20469.1,19793.4,"318,17K","1,27%"
"73",2022-08-30,19792.6,20295.6,20558.2,19559.7,"308,41K","-2,48%"
"74",2022-08-29,20295.8,19551.3,20394.5,19551.2,"248,04K","3,81%"
"75",2022-08-28,19550.2,20034.2,20150.8,19542.9,"159,60K","-2,41%"
"76",2022-08-27,20033.9,20249.9,20343.6,19849.8,"187,34K","-1,07%"
"77",2022-08-26,20249.9,21564.2,21815.3,20122.4,"322,16K","-6,10%"
"78",2022-08-25,21565.4,21365.4,21801.2,21324.8,"190,15K","0,94%"
"79",2022-08-24,21365.2,21516.2,21832.3,21171.1,"202,40K","-0,71%"
"80",2022-08-23,21517.2,21416.5,21661,20919.6,"228,65K","0,47%"
"81",2022-08-22,21416.3,21516.8,21517.4,20912.1,"251,83K","-0,47%"
"82",2022-08-21,21517.2,21138.9,21692.4,21077.4,"177,52K","1,79%"
"83",2022-08-20,21138.9,20830.7,21357.4,20784.8,"206,94K","1,48%"
"84",2022-08-19,20831.3,23201.6,23202.3,20807.8,"339,47K","-10,22%"
"85",2022-08-18,23203.6,23337.7,23578,23131.3,"160,97K","-0,58%"
"86",2022-08-17,23338,23855.8,24423.5,23191.6,"239,53K","-2,17%"
"87",2022-08-16,23856.8,24102.6,24240.8,23693.8,"201,70K","-1,02%"
"88",2022-08-15,24101.7,24303.3,25205.7,23784.5,"279,28K","-0,83%"
"89",2022-08-14,24302.8,24442.1,24997.3,24172.2,"177,25K","-0,57%"
"90",2022-08-13,24442.5,24398.9,24882.9,24318.7,"170,59K","0,18%"
"91",2022-08-12,24398.7,23935.3,24440.8,23616.4,"194,96K","1,94%"
"92",2022-08-11,23935.3,23963.3,24873.5,23864,"285,36K","-0,12%"
"93",2022-08-10,23962.9,23150.3,24209.9,22714.7,"243,61K","3,53%"
"94",2022-08-09,23146.7,23818.1,23912,22886.5,"169,62K","-2,81%"
"95",2022-08-08,23816.3,23175.3,24234.1,23160.6,"197,94K","2,77%"
"96",2022-08-07,23175.3,22944.2,23387.7,22852.3,"99,36K","1,01%"
"97",2022-08-06,22944.2,23308.2,23344.4,22923.6,"94,44K","-1,56%"
"98",2022-08-05,23308.2,22613.3,23447.6,22593.5,"208,90K","3,08%"
"99",2022-08-04,22612.1,22822.2,23214.5,22438.7,"181,19K","-0,91%"
"100",2022-08-03,22820.8,22988.7,23623.7,22698.6,"174,66K","-0,73%"
"101",2022-08-02,22988.6,23271.1,23423.3,22670.8,"177,30K","-1,21%"
"102",2022-08-01,23271.2,23303.4,23484.4,22863.8,"162,33K","-0,14%"
"103",2022-07-31,23303.4,23634.2,24179.3,23236.2,"138,84K","-1,40%"
"104",2022-07-30,23634.2,23774.2,24605.3,23521.8,"168,72K","-0,59%"
"105",2022-07-29,23774.3,23850.2,24340,23451.4,"221,66K","-0,32%"
"106",2022-07-28,23850,22957.7,24190.5,22611.6,"268,32K","3,88%"
"107",2022-07-27,22958.3,21248,23027.8,21047.5,"242,66K","8,05%"
"108",2022-07-26,21248.7,21301.6,21322.3,20737.3,"201,57K","-0,25%"
"109",2022-07-25,21301.9,22582.3,22653.3,21275.4,"206,93K","-5,67%"
"110",2022-07-24,22582.1,22449.8,22987.9,22281.3,"126,66K","0,54%"
"111",2022-07-23,22460.4,22683.6,22991,21971.7,"137,42K","-0,95%"
"112",2022-07-22,22675.2,23150,23741.4,22524.2,"197,54K","-2,06%"
"113",2022-07-21,23153,23219.9,23403.8,22360.2,"217,08K","-0,27%"
"114",2022-07-20,23215.2,23412,24258,22944.4,"281,31K","-0,83%"
"115",2022-07-19,23410.2,22529.3,23757.3,21581.8,"308,91K","3,93%"
"116",2022-07-18,22525.8,20785.6,22714.9,20770.6,"279,72K","8,37%"
"117",2022-07-17,20785.6,21209.8,21654.4,20755.2,"132,81K","-2,00%"
"118",2022-07-16,21209.9,20825.2,21561.3,20484.4,"136,89K","1,85%"
"119",2022-07-15,20825.1,20586.1,21178.1,20393.4,"164,67K","1,16%"
"120",2022-07-14,20586,20250,20862.2,19664.9,"205,28K","1,66%"
"121",2022-07-13,20250,19331.6,20250.8,18942.2,"249,38K","4,75%"
"122",2022-07-12,19330.9,19963.2,20051.7,19279.6,"167,91K","-3,17%"
"123",2022-07-11,19963.2,20847.2,20855,19897,"160,20K","-4,24%"
"124",2022-07-10,20847.4,21587.4,21599.2,20689.7,"204,68K","-3,43%"
"125",2022-07-09,21587.5,21610.4,21944.1,21338.4,"190,11K","-0,11%"
"126",2022-07-08,21611.2,21637.1,22482.1,21207,"439,90K","-0,12%"
"127",2022-07-07,21637.8,20557.9,21817.8,20282.7,"115,81K","5,24%"
"128",2022-07-06,20561.1,20180.4,20654.9,19785.3,"105,24K","1,78%"
"129",2022-07-05,20200.6,20215.8,20706.9,19315.4,"122,43K","-0,08%"
"130",2022-07-04,20215.8,19310.6,20303.8,19052.5,"92,79K","4,69%"
"131",2022-07-03,19309.9,19243.4,19626.4,18794.4,"65,27K","0,35%"
"132",2022-07-02,19243.2,19275.4,19425.4,19006.4,"58,57K","-0,10%"
"133",2022-07-01,19262.9,19926.6,20785.6,18980.1,"150,18K","-3,33%"
"134",2022-06-30,19926.6,20111.3,20155.1,18682.7,"127,73K","-0,92%"
"135",2022-06-29,20111.3,20278,20415.8,19880.7,"98,97K","-0,82%"
"136",2022-06-28,20278,20727.9,21200.2,20210.5,"83,83K","-2,18%"
"137",2022-06-27,20730.2,21037.7,21497.5,20568,"84,69K","-1,49%"
"138",2022-06-26,21043.5,21489.9,21837.4,20989.7,"67,21K","-2,08%"
"139",2022-06-25,21489.9,21226.9,21553.4,20917.5,"66,63K","1,24%"
"140",2022-06-24,21226.9,21100.9,21488.7,20743.9,"104,56K","0,60%"
"141",2022-06-23,21100.7,19967.3,21189.8,19907.5,"110,70K","5,68%"
"142",2022-06-22,19965.8,20720.2,20864.3,19780.2,"125,94K","-3,64%"
"143",2022-06-21,20720.4,20571.6,21689.3,20371.7,"136,32K","0,72%"
"144",2022-06-20,20572.3,20576.9,20996.8,19658.8,"140,60K","-0,02%"
"145",2022-06-19,20577.2,18983.4,20763.5,17983.7,"169,39K","8,38%"
"146",2022-06-18,18986.5,20446.4,20744.7,17630.5,"267,25K","-7,13%"
"147",2022-06-17,20444.6,20391.3,21315.4,20244.1,"136,27K","0,28%"
"148",2022-06-16,20386.6,22577.9,22942.1,20231.1,"144,00K","-9,71%"
"149",2022-06-15,22577.9,22137.5,22754.4,20125.8,"280,41K","1,90%"
"150",2022-06-14,22157.3,22449.1,23200.3,20860.9,"251,01K","-1,29%"
"151",2022-06-13,22448,26606.3,26857.6,22006.3,"379,26K","-15,63%"
"152",2022-06-12,26606.3,28404,28534.8,26606.3,"120,02K","-6,33%"
"153",2022-06-11,28403.4,29083.3,29426.6,28161.8,"82,92K","-2,34%"
"154",2022-06-10,29083.3,30097.4,30325.6,28884.9,"104,26K","-3,37%"
"155",2022-06-09,30097.8,30202.1,30691.4,29953.8,"61,72K","-0,34%"
"156",2022-06-08,30201.6,31127.2,31312.1,29874.8,"87,96K","-2,98%"
"157",2022-06-07,31128.8,31370.3,31556.6,29235,"140,32K","-0,76%"
"158",2022-06-06,31367.6,29911.2,31753.4,29888.6,"94,01K","4,86%"
"159",2022-06-05,29913,29865.1,30166.9,29539,"30,33K","0,16%"
"160",2022-06-04,29864.3,29700.9,29963.8,29489.5,"33,51K","0,55%"
"161",2022-06-03,29700.9,30455.7,30674.8,29330.8,"72,13K","-2,48%"
"162",2022-06-02,30455.5,29798.6,30638.5,29604.4,"81,40K","2,20%"
"163",2022-06-01,29798.5,31793.1,31969.9,29396.6,"135,09K","-6,27%"
"164",2022-05-31,31793.4,31730.2,32377.5,31221.2,"86,60K","0,22%"
"165",2022-05-30,31723.3,29465.2,32185.6,29307.2,"129,56K","7,66%"
"166",2022-05-29,29465.2,29027.1,29556.5,28838.7,"36,87K","1,51%"
"167",2022-05-28,29027.1,28620.1,29194.4,28537.2,"43,87K","1,49%"
"168",2022-05-27,28601.2,29194,29377.1,28282.2,"116,41K","-2,06%"
"169",2022-05-26,29203.5,29537.9,29868.9,28077.9,"126,71K","-1,14%"
"170",2022-05-25,29540.6,29648.7,30202.3,29353.5,"78,85K","-0,36%"
"171",2022-05-24,29648.7,29091.6,29810.8,28706.1,"79,42K","1,91%"
"172",2022-05-23,29093.3,30287.3,30644.8,28913.6,"92,10K","-3,94%"
"173",2022-05-22,30286.6,29433,30462,29260.1,"50,60K","2,89%"
"174",2022-05-21,29434.6,29188.7,29623.2,28953.9,"32,27K","0,88%"
"175",2022-05-20,29178.6,30305.9,30735.1,28738.5,"98,78K","-3,72%"
"176",2022-05-19,30305.9,28700.4,30525.1,28682.1,"101,38K","5,66%"
"177",2022-05-18,28683.7,30437.5,30687.9,28648.1,"92,03K","-5,76%"
"178",2022-05-17,30437.5,29856.7,30720.1,29484.5,"79,63K","1,97%"
"179",2022-05-16,29849,31308.3,31312.4,29135.8,"100,25K","-4,66%"
"180",2022-05-15,31308.7,30078.6,31383.8,29499.4,"65,44K","4,08%"
"181",2022-05-14,30080.4,29285.2,30277.4,28666.7,"70,46K","2,72%"
"182",2022-05-13,29284.4,28994.3,31002.7,28755,"141,23K","1,06%"
"183",2022-05-12,28976,29073.4,30136.7,26500.5,"309,48K","-0,32%"
"184",2022-05-11,29068.2,31008,32113.6,27835.5,"296,90K","-6,25%"
"185",2022-05-10,31007.5,30098.2,32621.2,29831,"235,61K","3,03%"
"186",2022-05-09,30095,34041,34227,30095,"268,09K","-11,64%"
"187",2022-05-08,34060,35468,35497,33727,"671,05M","-3,97%"
"188",2022-05-07,35468,36003,36119,34773,"288,86M","-1,50%"
"189",2022-05-06,36009,36540,36646,35267,"752,84M","-1,46%"
"190",2022-05-05,36544,39686,39833,36183,"1,04B","-7,92%"
"191",2022-05-04,39688,37717,40021,37660,"691,49M","5,22%"
"192",2022-05-03,37718,38515,38647,37513,"367,21M","-2,07%"
"193",2022-05-02,38514,38472,39134,38061,"580,79M","0,14%"
"194",2022-05-01,38461,37642,38676,37397,"276,99M","2,15%"
"195",2022-04-30,37650,38590,38776,37596,"248,22M","-2,41%"
"196",2022-04-29,38581,39748,39919,38175,"382,90M","-2,94%"
"197",2022-04-28,39748,39243,40382,38888,"542,39M","1,29%"
"198",2022-04-27,39243,38113,39447,37869,"426,83M","2,96%"
"199",2022-04-26,38113,40443,40770,37708,"681,47M","-5,72%"
"200",2022-04-25,40427,39464,40599,38233,"654,60M","2,44%"
"201",2022-04-24,39464,39434,39929,39033,"283,63M","0,12%"
"202",2022-04-23,39418,39709,39973,39291,"190,60M","-0,73%"
"203",2022-04-22,39709,40487,40792,39200,"421,30M","-1,91%"
"204",2022-04-21,40482,41370,42969,39793,"493,05M","-2,14%"
"205",2022-04-20,41368,41499,42203,40915,"382,84M","-0,33%"
"206",2022-04-19,41503,40809,41746,40585,"268,28M","1,72%"
"207",2022-04-18,40803,39700,41095,38577,"484,26M","2,77%"
"208",2022-04-17,39703,40382,40599,39561,"210,01M","-1,68%"
"209",2022-04-16,40382,40571,40691,40003,"151,31M","-0,44%"
"210",2022-04-15,40560,39936,40850,39781,"233,09M","1,56%"
"211",2022-04-14,39936,41133,41494,39585,"294,29M","-2,91%"
"212",2022-04-13,41133,40072,41515,39581,"406,70M","2,63%"
"213",2022-04-12,40078,39507,40678,39265,"468,27M","1,47%"
"214",2022-04-11,39497,42144,42418,39202,"608,38M","-6,27%"
"215",2022-04-10,42138,42760,43421,41884,"255,83M","-1,47%"
"216",2022-04-09,42767,42275,42809,42129,"165,16M","1,16%"
"217",2022-04-08,42275,43450,43979,42113,"467,83M","-2,70%"
"218",2022-04-07,43448,43166,43893,42747,"390,85M","0,64%"
"219",2022-04-06,43173,45494,45519,43122,"649,52M","-5,13%"
"220",2022-04-05,45506,46614,47201,45388,"421,11M","-2,41%"
"221",2022-04-04,46629,46407,46899,45152,"446,12M","0,48%"
"222",2022-04-03,46407,45813,47435,45554,"398,86M","1,30%"
"223",2022-04-02,45811,46299,47212,45641,"345,93M","-1,05%"
"224",2022-04-01,46297,45529,46728,44261,"632,93M","1,70%"
"225",2022-03-31,45525,47071,47624,45228,"520,00M","-3,29%"
"226",2022-03-30,47075,47449,47714,46601,"467,76M","-0,79%"
"227",2022-03-29,47449,47126,48127,47029,"478,82M","0,73%"
"228",2022-03-28,47105,46859,48199,46672,"610,27M","0,52%"
"229",2022-03-27,46859,44542,46947,44445,"388,79M","5,19%"
"230",2022-03-26,44548,44331,44818,44090,"196,30M","0,49%"
"231",2022-03-25,44331,44013,45112,43622,"494,09M","0,72%"
"232",2022-03-24,44013,42911,44251,42658,"491,66M","2,57%"
"233",2022-03-23,42912,42373,43027,41795,"433,96M","1,27%"
"234",2022-03-22,42373,41022,43327.9,40893,"537,06M","3,29%"
"235",2022-03-21,41022,41282,41532,40530,"406,62M","-0,62%"
"236",2022-03-20,41276,42241,42301,40922,"308,45M","-2,27%"
"237",2022-03-19,42233,41768,42386,41529.6,"224,59M","1,11%"
"238",2022-03-18,41767.8,40914.6,42308.4,40234.8,"2,31B","2,08%"
"239",2022-03-17,40914.8,41118.7,41406,40557.8,"1,90B","-0,50%"
"240",2022-03-16,41118.7,39282.5,41701.6,38953.2,"4,47B","4,67%"
"241",2022-03-15,39285.7,39673,39854.7,38220.9,"2,25B","-0,97%"
"242",2022-03-14,39671.1,37789.5,39914.3,37613.6,"2,33B","4,97%"
"243",2022-03-13,37792.4,38813.2,39272.3,37603.4,"1,55B","-2,63%"
"244",2022-03-12,38814.3,38730.2,39355.3,38666.5,"1,11B","0,22%"
"245",2022-03-11,38730.2,39422.5,40177,38236.4,"2,79B","-1,74%"
"246",2022-03-10,39416.3,41933.9,42029.1,38603.5,"3,62B","-5,99%"
"247",2022-03-09,41929,38731.5,42538.5,38663.3,"3,60B","8,22%"
"248",2022-03-08,38744.8,38020.6,39351.5,37886.6,"2,67B","1,89%"
"249",2022-03-07,38024.8,38420.6,39532,37182.1,"3,02B","-0,99%"
"250",2022-03-06,38403.1,39396.3,39668.1,38115,"1,93B","-2,52%"
"251",2022-03-05,39395.8,39142.8,39600.2,38626.1,"1,50B","0,65%"
"252",2022-03-04,39142.7,42463,42848.7,38594.9,"3,21B","-7,82%"
"253",2022-03-03,42463,43912.8,44077.2,41840.8,"74,11K","-3,30%"
"254",2022-03-02,43912.8,44420.3,45294.2,43361.3,"80,82K","-1,14%"
"255",2022-03-01,44420.3,43187.2,44900.5,42876.6,"90,67K","2,85%"
"256",2022-02-28,43188.2,37707.2,43977.8,37458.9,"108,07K","14,59%"
"257",2022-02-27,37689.1,39116.6,39838.5,37062.3,"66,14K","-3,65%"
"258",2022-02-26,39115.5,39221.6,40094.5,38639.1,"41,55K","-0,24%"
"259",2022-02-25,39209.6,38339.2,39683.7,38042.6,"83,78K","2,27%"
"260",2022-02-24,38339.2,37250.2,39351.6,34357.4,"180,47K","2,99%"
"261",2022-02-23,37224.6,38248.2,39194.5,37099.5,"64,84K","-2,68%"
"262",2022-02-22,38248.2,37018.3,38414.9,36399.6,"82,75K","3,32%"
"263",2022-02-21,37017.7,38355,39444.1,36868.9,"91,82K","-3,49%"
"264",2022-02-20,38355,40089.6,40120.3,38042.2,"47,92K","-4,33%"
"265",2022-02-19,40090.3,40000.1,40434.3,39666.6,"25,78K","0,23%"
"266",2022-02-18,40000.1,40532.5,40935.5,39505,"64,96K","-1,36%"
"267",2022-02-17,40552.8,43885.5,44167.1,40103.8,"72,63K","-7,59%"
"268",2022-02-16,43883.6,44540.9,44552.9,43377.6,"41,40K","-1,48%"
"269",2022-02-15,44544.4,42550.3,44722.6,42460.1,"56,34K","4,69%"
"270",2022-02-14,42550.3,42061.1,42799.7,41591.3,"53,60K","1,16%"
"271",2022-02-13,42061.1,42205.5,42725.1,41880.1,"25,88K","-0,34%"
"272",2022-02-12,42205.2,42388.4,43006.4,41776.8,"37,88K","-0,43%"
"273",2022-02-11,42388.4,43519.3,43915.1,42023.4,"69,95K","-2,60%"
"274",2022-02-10,43521,44388.9,45755.2,43242.5,"89,69K","-1,96%"
"275",2022-02-09,44388.9,44038.2,44800.4,43163,"50,92K","0,80%"
"276",2022-02-08,44038.2,43833.9,45399.8,42705,"92,88K","0,47%"
"277",2022-02-07,43833.9,42385.2,44468.3,41695.4,"76,60K","3,40%"
"278",2022-02-06,42392.2,41411.9,42614.8,41176.3,"31,20K","2,37%"
"279",2022-02-05,41412.1,41566.5,41899.8,40963.3,"46,32K","-0,37%"
"280",2022-02-04,41567.6,37287.8,41689,37041.1,"95,49K","11,48%"
"281",2022-02-03,37287.8,36890.2,37304.3,36297.3,"50,35K","1,08%"
"282",2022-02-02,36890.2,38711.2,38853.8,36682.3,"53,74K","-4,70%"
"283",2022-02-01,38709.7,38475.6,39230,38037.9,"55,20K","0,55%"
"284",2022-01-31,38498.6,37923.8,38701.4,36672.8,"61,27K","1,53%"
"285",2022-01-30,37917.7,38167.5,38313.3,37390.6,"34,10K","-0,66%"
"286",2022-01-29,38170.8,37736.5,38663.7,37350.2,"42,77K","1,13%"
"287",2022-01-28,37745.1,37195.6,37995.9,36176.5,"69,45K","1,56%"
"288",2022-01-27,37164.3,36800.1,37215.4,35543.2,"83,52K","0,99%"
"289",2022-01-26,36800.4,36962.3,38862.6,36280,"107,87K","-0,41%"
"290",2022-01-25,36950.6,36691.3,37501.8,35729.3,"79,68K","0,72%"
"291",2022-01-24,36686.3,36268.6,37424,32985.6,"153,77K","1,15%"
"292",2022-01-23,36269.5,35072.9,36513,34655.2,"70,43K","3,40%"
"293",2022-01-22,35075.2,36467.7,36749.8,34116,"138,09K","-3,84%"
"294",2022-01-21,36475.5,40698.1,41104.6,35503.9,"155,80K","-10,41%"
"295",2022-01-20,40715.9,41683.6,43487.1,40568.3,"65,28K","-2,31%"
"296",2022-01-19,41677.8,42365.3,42558,41160.9,"53,77K","-1,62%"
"297",2022-01-18,42364.6,42209.9,42674.2,41300.7,"47,32K","0,37%"
"298",2022-01-17,42209.3,43080.5,43179.6,41559.4,"41,44K","-2,02%"
"299",2022-01-16,43079.1,43079.2,43462,42643.3,"28,66K","-0,04%"
"300",2022-01-15,43097,43073.6,43777.9,42586.1,"31,44K","0,06%"
"301",2022-01-14,43073.3,42562.2,43435.1,41848.7,"50,50K","1,21%"
"302",2022-01-13,42560,43900,44404.7,42337.5,"53,42K","-3,05%"
"303",2022-01-12,43901,42735,44243.6,42476.7,"53,95K","2,73%"
"304",2022-01-11,42733.2,41829.1,43090.2,41287.6,"61,78K","2,15%"
"305",2022-01-10,41832.2,41848.9,42243.8,39697,"85,50K","-0,04%"
"306",2022-01-09,41848.3,41681.2,42764.4,41260.9,"37,51K","0,42%"
"307",2022-01-08,41672,41551.3,42304.4,40574.3,"52,54K","0,30%"
"308",2022-01-07,41546.7,43097.9,43127.7,40810,"88,36K","-3,60%"
"309",2022-01-06,43097.5,43431.6,43772.3,42481.1,"63,08K","-0,76%"
"310",2022-01-05,43425.9,45833.1,47019.4,42535.1,"83,74K","-5,26%"
"311",2022-01-04,45837.3,46435.7,47505.4,45602.1,"55,59K","-1,28%"
"312",2022-01-03,46430.2,47293.9,47556,45704,"41,06K","-1,86%"
"313",2022-01-02,47311.8,47738.7,47944.9,46718.2,"27,02K","-0,89%"
"314",2022-01-01,47738,46217.5,47917.6,46217.5,"31,24K","3,29%"
"315",2021-12-31,46219.5,47123.3,48553.9,45693.6,"58,18K","-1,92%"
"316",2021-12-30,47123.3,46470.7,47901.4,46003,"60,96K","1,42%"
"317",2021-12-29,46461.7,47548.4,48121.7,46127.8,"63,92K","-2,28%"
"318",2021-12-28,47545.2,50703.4,50703.8,47345.7,"74,39K","-6,18%"
"319",2021-12-27,50678.2,50783.6,52016.3,50459,"43,90K","-0,20%"
"320",2021-12-26,50779.9,50404,51247,49527,"32,34K","0,74%"
"321",2021-12-25,50406.4,50789.6,51140.2,50196.8,"26,67K","-0,75%"
"322",2021-12-24,50786.1,50807.4,51795.3,50428.4,"45,97K","-0,03%"
"323",2021-12-23,50801,48599.6,51355.6,48053.4,"56,24K","4,53%"
"324",2021-12-22,48599.7,48898.7,49540.3,48449.7,"40,89K","-0,62%"
"325",2021-12-21,48902,46900.1,49306.1,46654,"57,88K","4,28%"
"326",2021-12-20,46895.2,46703.4,47488.9,45577.3,"57,53K","0,41%"
"327",2021-12-19,46704.5,46855.7,48270.2,46438.4,"44,05K","-0,32%"
"328",2021-12-18,46856.2,46171.8,47330.2,45513.4,"36,93K","1,48%"
"329",2021-12-17,46172.2,47630.4,47997.2,45523.8,"67,50K","-3,06%"
"330",2021-12-16,47628.2,48876.6,49387.8,47543.9,"48,20K","-2,54%"
"331",2021-12-15,48871.5,48366.2,49477.9,46572.6,"80,28K","1,04%"
"332",2021-12-14,48366.5,46709.8,48635,46338.3,"62,54K","3,56%"
"333",2021-12-13,46703.6,50075.9,50196.1,45848.2,"80,37K","-6,74%"
"334",2021-12-12,50081,49332.5,50779.2,48670.5,"40,30K","1,55%"
"335",2021-12-11,49314.5,47138.4,49487,46834,"45,23K","4,62%"
"336",2021-12-10,47137.2,47591.7,49974.8,47007.1,"68,06K","-0,97%"
"337",2021-12-09,47596.6,50477.6,50790.2,47341.9,"58,69K","-5,70%"
"338",2021-12-08,50473.9,50596.6,51204.7,48700.7,"55,59K","-0,24%"
"339",2021-12-07,50595.2,50547.4,51918.6,50070.9,"56,29K","0,07%"
"340",2021-12-06,50562.1,49412.1,50913.3,47237.9,"89,68K","2,34%"
"341",2021-12-05,49405.5,49196.4,49689.3,47797.8,"72,03K","0,43%"
"342",2021-12-04,49195.2,53620.7,53847.2,42587.8,"168,00K","-8,27%"
"343",2021-12-03,53631.5,56495.2,57543.6,52008.9,"89,20K","-5,07%"
"344",2021-12-02,56496,57207.8,57377.5,55807.9,"54,94K","-1,25%"
"345",2021-12-01,57210.3,56891.7,59064.3,56496.5,"66,75K","0,58%"
"346",2021-11-30,56882.9,57795.2,59174.4,55936.9,"73,66K","-1,58%"
"347",2021-11-29,57794.8,57288.1,58855.2,56726.7,"58,65K","0,88%"
"348",2021-11-28,57291.5,54758,57392.3,53448.3,"49,28K","4,61%"
"349",2021-11-27,54765.9,53747.2,55280.3,53654.3,"40,71K","1,93%"
"350",2021-11-26,53730.9,58937.3,59151.1,53533.5,"104,03K","-8,83%"
"351",2021-11-25,58935.1,57167.1,59387.3,57029.8,"56,79K","3,08%"
"352",2021-11-24,57171.7,57559.4,57697.4,55910.6,"56,68K","-0,70%"
"353",2021-11-23,57573.2,56304.8,57855.1,55542.5,"72,48K","2,25%"
"354",2021-11-22,56308.8,58719.7,59288.3,55656.8,"76,45K","-4,10%"
"355",2021-11-21,58714.3,59724,60002.6,58528.3,"40,98K","-1,68%"
"356",2021-11-20,59717.6,58080.8,59854.6,57435.3,"44,53K","2,81%"
"357",2021-11-19,58083.4,56908.3,58335.9,55626.3,"74,44K","1,98%"
"358",2021-11-18,56955.3,60368.2,60936.9,56524.4,"100,37K","-5,65%"
"359",2021-11-17,60367.8,60074.2,60814.5,58531.9,"73,93K","0,46%"
"360",2021-11-16,60089.1,63605.1,63605.6,58655.9,"115,36K","-5,52%"
"361",2021-11-15,63597.9,65514.9,66311.2,63439.5,"53,53K","-2,92%"
"362",2021-11-14,65508.2,64397.2,65508.2,63608.3,"33,98K","1,72%"
"363",2021-11-13,64398.6,64133.3,64906,63381.4,"30,34K","0,41%"
"364",2021-11-12,64134.5,64782.6,65449.7,62309.7,"63,27K","-1,04%"
"365",2021-11-11,64806.7,64922.8,65583.3,64121.9,"50,37K","-0,19%"
"366",2021-11-10,64932.6,66942.6,68990.6,62951.3,"96,21K","-2,95%"
"367",2021-11-09,66904.4,67528.7,68493.3,66334.9,"66,13K","-0,92%"
"368",2021-11-08,67527.9,63276.4,67763.3,63276.4,"81,08K","6,72%"
"369",2021-11-07,63273.2,61483.8,63273.2,61347.2,"34,34K","2,91%"
"370",2021-11-06,61483.9,60973.2,61543.2,60093.6,"34,89K","0,84%"
"371",2021-11-05,60974.3,61411.5,62560.3,60742.4,"44,46K","-0,71%"
"372",2021-11-04,61412.6,62915.4,63077.6,60742.9,"49,91K","-2,39%"
"373",2021-11-03,62918.5,63223.5,63508.6,60883,"61,05K","-0,48%"
"374",2021-11-02,63221.7,60912.2,64256.4,60651.5,"65,26K","3,79%"
"375",2021-11-01,60915.3,61310.1,62430.1,59612.7,"61,21K","-0,64%"
"376",2021-10-31,61309.6,61842.2,62393.7,60005.7,"50,06K","-0,86%"
"377",2021-10-30,61840.1,62245,62338.5,60786,"40,51K","-0,65%"
"378",2021-10-29,62242.8,60579.9,62952.2,60322.2,"63,39K","2,74%"
"379",2021-10-28,60582.5,58437.2,62251.3,58128.1,"88,47K","3,67%"
"380",2021-10-27,58438.1,60312.5,61452.9,58112.6,"88,11K","-3,11%"
"381",2021-10-26,60310.8,63067.5,63275.1,59907.3,"57,13K","-4,37%"
"382",2021-10-25,63067,60864.3,63694.8,60655.8,"51,06K","3,62%"
"383",2021-10-24,60866.5,61308.2,61469.9,59523.7,"42,67K","-0,73%"
"384",2021-10-23,61312.5,60693.2,61728.7,59738.3,"37,05K","1,03%"
"385",2021-10-22,60690.3,62200.8,63699.7,60055.7,"75,69K","-2,44%"
"386",2021-10-21,62210.2,66004.6,66616.9,62092.1,"105,38K","-5,71%"
"387",2021-10-20,65979.1,64276.9,66967.1,63543.7,"79,87K","2,65%"
"388",2021-10-19,64278.5,62030.2,64454,61451,"80,16K","3,58%"
"389",2021-10-18,62056.3,61525.8,62623.6,60026.9,"80,15K","0,86%"
"390",2021-10-17,61527.5,60865.5,61651.4,59143.4,"53,39K","1,09%"
"391",2021-10-16,60861.1,61669.2,62329.2,60161.9,"49,93K","-1,32%"
"392",2021-10-15,61672.5,57348.2,62892.8,56874.8,"121,48K","7,54%"
"393",2021-10-14,57345.8,57370.4,58506.5,56866.8,"59,84K","-0,06%"
"394",2021-10-13,57380.1,56014.5,57697.4,54314.4,"73,62K","2,44%"
"395",2021-10-12,56015.9,57480.6,57635.7,54155.4,"74,85K","-2,54%"
"396",2021-10-11,57477.3,54686.9,57814.1,54457.8,"73,84K","5,10%"
"397",2021-10-10,54687.7,54942.5,56432.2,54100.8,"104,43K","-0,46%"
"398",2021-10-09,54942.5,53924.1,55430.8,53711.7,"64,65K","1,91%"
"399",2021-10-08,53914.7,53785.5,55977.9,53659.3,"64,05K","0,24%"
"400",2021-10-07,53783.9,55325.2,55325.6,53476.4,"75,68K","-2,78%"
"401",2021-10-06,55323.2,51470,55676.1,50439.5,"116,26K","7,49%"
"402",2021-10-05,51469.3,49229.5,51872.4,49060.1,"76,63K","4,55%"
"403",2021-10-04,49227.3,48200.4,49481.7,46958.6,"66,92K","2,13%"
"404",2021-10-03,48200.1,47665.4,49165.2,47123,"42,41K","1,12%"
"405",2021-10-02,47666.9,48147.2,48306.9,47451.7,"39,82K","-1,00%"
"406",2021-10-01,48146,43824.4,48435.2,43292.9,"94,66K","9,86%"
"407",2021-09-30,43823.3,41534.5,44101.2,41416.7,"64,32K","5,50%"
"408",2021-09-29,41536.8,41023.1,42571.2,40815,"48,21K","1,25%"
"409",2021-09-28,41022.3,42169.9,42758.8,40906.4,"60,01K","-2,73%"
"410",2021-09-27,42172.6,43200.9,44293.2,42143.9,"54,12K","-2,39%"
"411",2021-09-26,43203.4,42685.8,43907.3,40786.6,"69,91K","1,21%"
"412",2021-09-25,42686.8,42818.7,42959.3,41714.5,"46,35K","-0,31%"
"413",2021-09-24,42819.9,44867.4,45112,40908.5,"128,88K","-4,57%"
"414",2021-09-23,44869.2,43550.7,44949.8,43090.1,"74,54K","3,03%"
"415",2021-09-22,43551.6,40660.8,43976.7,40585.7,"93,98K","7,13%"
"416",2021-09-21,40651.3,43012.3,43619.3,39646.8,"142,55K","-5,18%"
"417",2021-09-20,42870.6,47240.8,47323.9,42547.1,"77,96K","-9,25%"
"418",2021-09-19,47238.7,48299.9,48341.9,46866.6,"41,98K","-2,21%"
"419",2021-09-18,48306.7,47283.9,48761,47070.5,"43,64K","2,17%"
"420",2021-09-17,47282.8,47748.2,48155.9,46788.8,"50,16K","-0,97%"
"421",2021-09-16,47748,48132.3,48480.6,47040.3,"60,91K","-0,80%"
"422",2021-09-15,48130.6,47070.8,48436.5,46743.9,"63,40K","2,24%"
"423",2021-09-14,47077.5,44950.2,47247.6,44718.7,"65,33K","4,73%"
"424",2021-09-13,44949.5,46060.8,46807.7,43463.2,"96,15K","-2,42%"
"425",2021-09-12,46062.3,45162.6,46386.4,44755.2,"44,52K","1,99%"
"426",2021-09-11,45161.9,44844.9,45975.6,44766.6,"41,58K","0,71%"
"427",2021-09-10,44842.8,46385.9,47021.6,44283.6,"75,62K","-3,33%"
"428",2021-09-09,46385.6,46057.6,47305.7,45609,"73,63K","0,70%"
"429",2021-09-08,46061.4,46774.1,47316.9,44493.7,"100,48K","-1,54%"
"430",2021-09-07,46779.6,52674.2,52885.3,43072.4,"187,56K","-11,19%"
"431",2021-09-06,52672.1,51769.4,52726.2,51002.8,"69,46K","1,75%"
"432",2021-09-05,51768.6,49918.7,51878.2,49492.4,"57,30K","3,71%"
"433",2021-09-04,49918.4,49999.3,50534.6,49461.4,"48,14K","-0,16%"
"434",2021-09-03,49999,49269.5,51008.8,48377.3,"88,08K","1,47%"
"435",2021-09-02,49274.3,48817.8,50355.3,48612.9,"80,21K","0,93%"
"436",2021-09-01,48819.4,47129.2,49121,46533.1,"74,38K","3,58%"
"437",2021-08-31,47130.4,46989.1,48217,46709.3,"71,48K","0,29%"
"438",2021-08-30,46992.7,48777.1,48886,46876.9,"61,68K","-3,66%"
"439",2021-08-29,48777.4,48899.7,49621.7,47870.1,"47,62K","-0,24%"
"440",2021-08-28,48897.1,49062.8,49289.4,48428.5,"36,73K","-0,34%"
"441",2021-08-27,49064.3,46830.2,49142,46371.5,"62,47K","4,77%"
"442",2021-08-26,46831.6,48994.4,49347.8,46360.4,"73,79K","-4,41%"
"443",2021-08-25,48994.5,47707.4,49230.2,47163.3,"63,54K","2,68%"
"444",2021-08-24,47714.7,49532.5,49847.4,47623.6,"74,26K","-3,68%"
"445",2021-08-23,49539.7,49255.4,50498.8,49038.6,"75,37K","0,58%"
"446",2021-08-22,49254.5,48870.4,49480.3,48151,"49,32K","0,77%"
"447",2021-08-21,48875.8,49330,49719.1,48293.5,"18,20K","-0,91%"
"448",2021-08-20,49324,46756.7,49343.3,46646.8,"83,19K","5,49%"
"449",2021-08-19,46755.9,44725.9,47012.3,43986.7,"77,92K","4,54%"
"450",2021-08-18,44723.8,44691.1,46004.9,44230,"22,36K","0,07%"
"451",2021-08-17,44691.6,45907.5,47140.6,44441.3,"84,14K","-2,84%"
"452",2021-08-16,45996.3,46991.6,48002.4,45672.1,"2,41K","-2,12%"
"453",2021-08-15,46991.3,47082.6,47344.1,45564.1,"58,11K","-0,19%"
"454",2021-08-14,47081.5,47809.6,48090.9,46117.2,"64,29K","-1,52%"
"455",2021-08-13,47809.1,44404,47836,44242.4,"75,27K","7,67%"
"456",2021-08-12,44403.4,45562.3,46213.8,43814.7,"81,07K","-2,55%"
"457",2021-08-11,45564.3,45593.2,46736.5,45367.9,"75,43K","-0,06%"
"458",2021-08-10,45593.8,46281.8,46663.4,44681.2,"80,55K","-1,49%"
"459",2021-08-09,46284.3,43794.9,46460.7,42824.1,"117,08K","5,69%"
"460",2021-08-08,43792.8,44584.9,45284.1,43314.4,"105,25K","-1,84%"
"461",2021-08-07,44614.2,42784.7,44697.3,42611,"112,84K","4,25%"
"462",2021-08-06,42795.4,40868.4,43253.4,39905.4,"111,93K","4,72%"
"463",2021-08-05,40867.2,39734.4,41366.3,37365.4,"130,60K","2,84%"
"464",2021-08-04,39736.9,38188.4,39956.5,37556,"79,22K","4,21%"
"465",2021-08-03,38130.3,39167.4,39766.6,37688.2,"0,26K","-2,65%"
"466",2021-08-02,39168.4,39869.8,40449,38692.5,"74,81K","-1,78%"
"467",2021-08-01,39878.3,41510,42565,39556.5,"80,33K","-4,03%"
"468",2021-07-31,41553.7,42201.4,42285.3,41066.4,"44,65K","-1,54%"
"469",2021-07-30,42203.4,40001.1,42264.4,38358.4,"98,45K","5,50%"
"470",2021-07-29,40001.4,40009,40630.7,39340.8,"75,30K","-0,00%"
"471",2021-07-28,40003.2,39450.4,40862.2,38883.8,"148,92K","1,40%"
"472",2021-07-27,39452,37294.3,39455.9,36427.4,"100,24K","5,84%"
"473",2021-07-26,37276.6,35392.3,40522.9,35236.7,"177,63K","5,33%"
"474",2021-07-25,35391.1,34392.5,35391.1,33881.3,"65,10K","4,63%"
"475",2021-07-24,33824.8,33600.5,33955,33412.9,"67,14K","0,66%"
"476",2021-07-23,33603.3,32297.9,33605.6,32041.1,"66,15K","4,04%"
"477",2021-07-22,32298.9,32131.7,32585.4,31729.4,"64,87K","0,52%"
"478",2021-07-21,32131.4,29794.7,32794.6,29519.3,"118,34K","7,85%"
"479",2021-07-20,29793.8,30835.4,31040.8,29310.2,"97,46K","-3,38%"
"480",2021-07-19,30837.2,31782.9,31887,30478.2,"77,48K","-2,98%"
"481",2021-07-18,31785.4,31517.9,32408.2,31220.6,"57,01K","0,85%"
"482",2021-07-17,31518.6,31384.4,31914.8,31207.8,"58,06K","0,40%"
"483",2021-07-16,31394,31842.3,32239.8,31062.2,"70,48K","-1,40%"
"484",2021-07-15,31840.5,32820.5,33157,31175.8,"76,95K","-2,99%"
"485",2021-07-14,32820.7,32727.8,33051.9,31611.2,"69,56K","0,28%"
"486",2021-07-13,32728.1,33106.1,33307.7,32259.5,"60,04K","-1,16%"
"487",2021-07-12,33113,34228.3,34598,32662.8,"63,24K","-3,26%"
"488",2021-07-11,34227.7,33510.8,34580.6,33319.8,"35,72K","2,14%"
"489",2021-07-10,33510.6,33797.7,34221,33056.8,"50,94K","-0,85%"
"490",2021-07-09,33797.4,32866.3,34079.2,32367,"67,14K","2,83%"
"491",2021-07-08,32866.3,33859.4,33923.2,32146.9,"108,09K","-2,96%"
"492",2021-07-07,33867.8,34228.7,35036.6,33801.3,"72,03K","-1,05%"
"493",2021-07-06,34225.6,33688.5,35062,33581.7,"83,63K","1,60%"
"494",2021-07-05,33687.8,35297,35300.5,33164.1,"88,36K","-4,56%"
"495",2021-07-04,35298.2,34742.8,35957.6,34740.1,"56,13K","1,60%"
"496",2021-07-03,34742.8,33814.2,34909.8,33363.3,"55,69K","2,75%"
"497",2021-07-02,33813.4,33542.2,33925.9,32734.6,"78,93K","0,80%"
"498",2021-07-01,33543.6,35030.7,35032.7,32839.2,"27,41K","-4,23%"
"499",2021-06-30,35026.9,35832.6,36089.5,34126.6,"107,07K","-2,25%"
"500",2021-06-29,35834.7,34477.3,36590.3,34247.6,"97,27K","3,94%"
"501",2021-06-28,34475.9,34682.2,35231.2,33944.9,"112,00K","-0,58%"
"502",2021-06-27,34678.5,32247.1,34685.5,32041.7,"148,80K","7,55%"
"503",2021-06-26,32243.4,31592.1,32643,30206.9,"156,67K","2,06%"
"504",2021-06-25,31594,34660.5,35490.9,31337.9,"193,43K","-8,86%"
"505",2021-06-24,34665.8,33678.1,35249.9,32356.7,"119,25K","2,94%"
"506",2021-06-23,33674.3,32498.3,34784.3,31736.5,"173,34K","3,62%"
"507",2021-06-22,32496.4,31682.7,33272.5,28901.8,"309,65K","2,54%"
"508",2021-06-21,31692,35597.9,35708.4,31284.1,"256,87K","-10,97%"
"509",2021-06-20,35595.8,35510.9,36097.9,33378,"137,48K","0,23%"
"510",2021-06-19,35513.4,35770,36357.3,34845.5,"105,46K","-0,66%"
"511",2021-06-18,35749.4,38045.5,38166,35198.5,"102,84K","-6,05%"
"512",2021-06-17,38052,38337.8,39529.9,37425.3,"109,58K","-0,74%"
"513",2021-06-16,38336,40148.1,40494.4,38156.4,"123,52K","-4,53%"
"514",2021-06-15,40156.1,40522.5,41318,39589.9,"117,55K","-0,92%"
"515",2021-06-14,40529.4,39024.1,40970.4,38769.9,"157,35K","3,86%"
"516",2021-06-13,39022.9,35467.5,39321.6,34827,"123,32K","10,02%"
"517",2021-06-12,35467.5,37334.4,37437.3,34703.3,"87,73K","-4,95%"
"518",2021-06-11,37314.6,36654.3,37641.1,36003.3,"109,15K","1,81%"
"519",2021-06-10,36649.4,37375.2,38340.8,35824,"154,32K","-1,83%"
"520",2021-06-09,37332.2,33385.5,37517.6,32428.6,"209,82K","11,83%"
"521",2021-06-08,33382.9,33574.6,34047.8,31158.1,"193,54K","-0,58%"
"522",2021-06-07,33578,35815.4,36754.6,33410.1,"119,50K","-6,25%"
"523",2021-06-06,35815.4,35518.7,36434,35265.3,"62,20K","0,83%"
"524",2021-06-05,35520,36841.2,37887.6,34832,"101,48K","-3,61%"
"525",2021-06-04,36851.3,39191.4,39255.4,35659.9,"127,71K","-5,96%"
"526",2021-06-03,39187.3,37555.7,39462.3,37193.6,"106,44K","4,34%"
"527",2021-06-02,37555.8,36687.7,38199.9,35981.1,"96,89K","2,37%"
"528",2021-06-01,36687.6,37294.3,37850.3,35742.7,"113,48K","-1,64%"
"529",2021-05-31,37298.6,35644,37480.7,34213.2,"131,70K","4,62%"
"530",2021-05-30,35652.8,34589.3,36388.6,33441,"104,18K","3,09%"
"531",2021-05-29,34584.6,35664.5,37227.1,33664.2,"160,43K","-3,02%"
"532",2021-05-28,35662.5,38543.2,38844.1,34772.4,"199,58K","-7,17%"
"533",2021-05-27,38417.3,39249,40322.2,37190.8,"122,93K","-2,12%"
"534",2021-05-26,39249.2,38375.7,40750,37847,"153,80K","2,27%"
"535",2021-05-25,38378.3,38753.6,39740.8,36540.7,"163,01K","-0,96%"
"536",2021-05-24,38750.6,34720.3,39851.7,34474.6,"244,88K","11,74%"
"537",2021-05-23,34679.7,37446.8,38248.7,31192.4,"325,73K","-7,39%"
"538",2021-05-22,37448.3,37291,38776,35314.9,"185,83K","0,40%"
"539",2021-05-21,37297.4,40611.2,42108.3,33592.3,"315,50K","-8,40%"
"540",2021-05-20,40717.2,36706.8,42425.9,35010.4,"269,75K","10,88%"
"541",2021-05-19,36720.5,42898.3,43516.6,30261.7,"607,10K","-14,40%"
"542",2021-05-18,42897.3,43538.5,45770.9,42293.9,"154,96K","-1,48%"
"543",2021-05-17,43541.3,46424.2,46545.4,42201.5,"274,76K","-6,21%"
"544",2021-05-16,46426.4,46729.3,49764.3,43920.8,"180,07K","-0,60%"
"545",2021-05-15,46708.8,49839.1,50640.9,46650.2,"131,91K","-6,28%"
"546",2021-05-14,49839.8,49704.9,51459.2,48874,"118,84K","0,27%"
"547",2021-05-13,49704.6,49398.2,51337.3,46331.1,"236,71K","0,65%"
"548",2021-05-12,49384.2,56694.5,57938.5,49187,"160,74K","-12,90%"
"549",2021-05-11,56695.7,55846.1,56871.1,54550.4,"96,47K","1,52%"
"550",2021-05-10,55848.9,58251.2,59523.9,53678.3,"142,61K","-4,10%"
"551",2021-05-09,58238.3,58840.6,59227,56414.4,"103,59K","-1,02%"
"552",2021-05-08,58840.1,57330.3,59471.1,56972.2,"101,27K","2,62%"
"553",2021-05-07,57337.2,56411.4,58639.3,55300.1,"110,01K","1,65%"
"554",2021-05-06,56405.4,57441,58364.9,55294.5,"109,02K","-1,80%"
"555",2021-05-05,57441.3,53872.5,57936.4,53872.5,"119,82K","6,88%"
"556",2021-05-04,53741.5,57170.6,57201.3,53741.5,"132,33K","-6,00%"
"557",2021-05-03,57169.8,56605.8,58925.1,56562.4,"89,24K","1,00%"
"558",2021-05-02,56603.8,57807.2,57868.4,56110.5,"53,61K","-2,08%"
"559",2021-05-01,57807.1,57719.1,58449.4,57029.5,"63,41K","0,15%"
"560",2021-04-30,57720.3,53562.3,57925.6,53088.7,"103,74K","7,77%"
"561",2021-04-29,53560.8,54838.6,55173.7,52400,"83,90K","-2,34%"
"562",2021-04-28,54841.4,55036,56419.9,53876.4,"86,96K","-0,35%"
"563",2021-04-27,55036.5,54011.1,55427.8,53345,"84,08K","1,88%"
"564",2021-04-26,54020.5,48963.5,54320.9,48815.9,"129,76K","10,33%"
"565",2021-04-25,48963.6,50088.2,50532.4,47098.5,"59,20K","-2,25%"
"566",2021-04-24,50088.9,51140.8,51183,48775.2,"82,25K","-2,06%"
"567",2021-04-23,51143.6,51707.1,52099.9,47659.4,"214,46K","-1,13%"
"568",2021-04-22,51729.5,53821.3,55408.4,50590.9,"168,13K","-3,88%"
"569",2021-04-21,53820.2,56479.5,56764.4,53657.6,"100,26K","-4,71%"
"570",2021-04-20,56483.2,55645.1,57054.9,53422.5,"115,49K","1,50%"
"571",2021-04-19,55646.1,56208.1,57517,54272.3,"117,51K","-1,00%"
"572",2021-04-18,56207.1,60043.2,60362.1,51817.6,"216,81K","-6,39%"
"573",2021-04-17,60041.9,61358.3,62509.1,59672.1,"84,08K","-2,18%"
"574",2021-04-16,61379.7,63211.6,63518.5,60027.3,"136,85K","-2,90%"
"575",2021-04-15,63216,62978.6,63729.1,62067.5,"76,97K","0,37%"
"576",2021-04-14,62980.4,63544.2,64778,61366.3,"130,43K","-0,88%"
"577",2021-04-13,63540.9,59863.6,63659,59839.4,"126,56K","6,14%"
"578",2021-04-12,59863.8,59982.1,61259.9,59569.2,"81,88K","-0,19%"
"579",2021-04-11,59978.7,59772.4,60667.1,59250.3,"58,20K","0,39%"
"580",2021-04-10,59748.4,58127.4,61229,57900,"103,72K","2,80%"
"581",2021-04-09,58118.7,58076.8,58890.9,57686,"59,22K","0,07%"
"582",2021-04-08,58077.4,55948,58136.7,55721.6,"64,78K","3,80%"
"583",2021-04-07,55948.7,57996.3,58627.7,55489.3,"110,69K","-3,53%"
"584",2021-04-06,57996.3,59169,59487,57403.3,"77,15K","-1,69%"
"585",2021-04-05,58993.4,58202.3,59205.1,56842.7,"54,13K","1,36%"
"586",2021-04-04,58199.9,57059.7,58464.8,56470.6,"57,21K","2,00%"
"587",2021-04-03,57059.9,58976.8,59770.5,56906.7,"68,74K","-3,25%"
"588",2021-04-02,58977.3,58718.2,60134.9,58466.5,"72,37K","0,44%"
"589",2021-04-01,58718.3,58763.2,59406.5,58040.7,"69,04K","-0,08%"
"590",2021-03-31,58763.7,58771.4,59795.6,56991.6,"98,06K","-0,01%"
"591",2021-03-30,58771.3,57614.6,59366.9,57077.1,"86,21K","2,00%"
"592",2021-03-29,57616.2,55764.7,58392.6,54951.1,"107,91K","3,32%"
"593",2021-03-28,55765.2,55856.9,56504.2,54711.3,"58,71K","-0,17%"
"594",2021-03-27,55862.9,55033.8,56531.1,54010.2,"73,87K","1,50%"
"595",2021-03-26,55036.1,51317.4,55074.1,51302,"100,30K","7,24%"
"596",2021-03-25,51322.3,52330,53175.4,50441.3,"143,35K","-1,92%"
"597",2021-03-24,52325.4,54309.1,57169.4,51725.4,"137,91K","-3,91%"
"598",2021-03-23,54452.5,54117.5,55813.8,52992.3,"84,84K","0,54%"
"599",2021-03-22,54158.3,57379.3,58379.9,53784.2,"95,53K","-5,62%"
"600",2021-03-21,57383.8,58097.4,58583.8,55583.3,"77,47K","-1,22%"
"601",2021-03-20,58093.4,58084.1,59882.1,57863,"67,83K","0,01%"
"602",2021-03-19,58088,57645,59448.3,56305.1,"83,98K","0,75%"
"603",2021-03-18,57656,58911.8,60088,57099.6,"102,62K","-2,13%"
"604",2021-03-17,58913.5,56892.9,58933.2,54253.2,"118,26K","3,56%"
"605",2021-03-16,56889.7,55619.5,56889.7,53342.6,"128,51K","1,97%"
"606",2021-03-15,55791.3,59117.4,60565.9,55088.8,"117,71K","-5,62%"
"607",2021-03-14,59113.7,61192.7,61673.7,59113.7,"80,29K","-3,40%"
"608",2021-03-13,61195.3,57267.4,61795.8,56118.8,"134,64K","6,86%"
"609",2021-03-12,57265.1,57806.2,58052.3,55134.5,"116,96K","-0,92%"
"610",2021-03-11,57799.5,55851.2,58135,54351.8,"129,63K","3,49%"
"611",2021-03-10,55851.9,54882.7,57328.7,53073.6,"140,96K","1,77%"
"612",2021-03-09,54879,52352.4,54880.6,51941.3,"114,06K","4,91%"
"613",2021-03-08,52311,50988.9,52384.9,49338.1,"68,14K","2,61%"
"614",2021-03-07,50982.3,48899,51434.1,48890.6,"82,91K","4,35%"
"615",2021-03-06,48855.6,48798.7,49191.8,47132.8,"66,66K","0,13%"
"616",2021-03-05,48792.5,48363.6,49429.4,46370.1,"113,64K","0,75%"
"617",2021-03-04,48428,50388,51757.7,47521.8,"9,56K","-3,90%"
"618",2021-03-03,50395.1,48422.2,52567.9,48159.2,"44,93K","4,07%"
"619",2021-03-02,48424.2,49595.6,50191.9,47100.6,"102,10K","-2,36%"
"620",2021-03-01,49595.5,45160.5,49774,45008.8,"137,52K","9,81%"
"621",2021-02-28,45164,46136,46582,43100.6,"135,08K","-2,11%"
"622",2021-02-27,46136.7,46333.1,48335.1,45059.4,"98,75K","-0,45%"
"623",2021-02-26,46345.6,46928.5,48413.9,44248.2,"189,41K","-1,24%"
"624",2021-02-25,46928.5,49695.9,52013.8,46773.7,"83,22K","-5,57%"
"625",2021-02-24,49697.5,48911.1,51311.8,47031.7,"153,75K","1,61%"
"626",2021-02-23,48911.2,54114.1,54115,45093.8,"315,07K","-9,61%"
"627",2021-02-22,54111.8,57437.6,57480.8,48353.8,"244,95K","-5,78%"
"628",2021-02-21,57433.8,55907.6,58335.1,55502.7,"87,26K","2,70%"
"629",2021-02-20,55923.7,55922,57523.8,54124.1,"127,85K","0,03%"
"630",2021-02-19,55906.6,51590.1,56238.5,50816.8,"139,43K","8,38%"
"631",2021-02-18,51582.2,52094.5,52524,50941.6,"94,35K","-0,95%"
"632",2021-02-17,52079.2,49161.3,52577.7,49018.1,"140,03K","5,92%"
"633",2021-02-16,49169.7,47934.2,50515.8,47044.4,"141,37K","2,57%"
"634",2021-02-15,47936.3,48611.1,48936.5,45786.1,"123,18K","-1,45%"
"635",2021-02-14,48643.4,47172.1,49695.1,47051.9,"106,50K","3,13%"
"636",2021-02-13,47168.7,47373.1,48097.3,46270.5,"89,42K","-0,43%"
"637",2021-02-12,47371.7,47995,48927.4,46218.6,"133,73K","-1,29%"
"638",2021-02-11,47990.7,44834.8,48622.1,44041.1,"145,77K","7,04%"
"639",2021-02-10,44836,46507.8,47295.3,43800.5,"151,83K","-3,60%"
"640",2021-02-09,46508.6,46396.4,48143.5,45104.7,"193,87K","0,24%"
"641",2021-02-08,46395.7,38853.6,46596.4,38057,"248,47K","19,41%"
"642",2021-02-07,38852.9,39228.9,39691.7,37381.6,"125,37K","-1,03%"
"643",2021-02-06,39256.6,38300.6,40939.7,38275.3,"156,02K","2,50%"
"644",2021-02-05,38297.6,36976.4,38303.6,36640,"100,60K","3,56%"
"645",2021-02-04,36982.1,37648.9,38707.9,36380.8,"151,44K","-1,77%"
"646",2021-02-03,37646.8,35486.9,37646.8,35401.5,"131,03K","6,09%"
"647",2021-02-02,35485.2,33514,35976.1,33462.4,"120,85K","5,88%"
"648",2021-02-01,33515.7,33106.8,34685.6,32324.9,"126,32K","1,23%"
"649",2021-01-31,33108.1,34281.6,34348.3,32189.9,"101,92K","-3,43%"
"650",2021-01-30,34283.1,34300,34920.9,32908.5,"128,57K","-0,05%"
"651",2021-01-29,34301.8,33381.7,38546,31953.3,"297,73K","2,78%"
"652",2021-01-28,33374.8,30408.9,33790.8,29911.9,"167,39K","9,77%"
"653",2021-01-27,30404,32499.6,32545.4,29290.4,"194,35K","-6,46%"
"654",2021-01-26,32502.1,32244.1,32917.7,30850,"139,84K","0,77%"
"655",2021-01-25,32252.3,32244.3,34854.3,31967.4,"142,43K","0,03%"
"656",2021-01-24,32241.3,32088.5,33034.8,30982.9,"88,21K","0,47%"
"657",2021-01-23,32088.9,32994.1,33441.4,31418.2,"100,70K","-2,76%"
"658",2021-01-22,33000.5,30838.7,33821.2,28871.2,"243,09K","7,00%"
"659",2021-01-21,30842.1,35472.3,35591.1,30101.8,"253,27K","-13,06%"
"660",2021-01-20,35476.3,35862.1,36384.4,33444.5,"153,61K","-1,46%"
"661",2021-01-19,36002.9,36630.6,37821,36001.4,"79,11K","-1,67%"
"662",2021-01-18,36613.2,35838.2,37436.8,34801,"111,52K","2,16%"
"663",2021-01-17,35839.6,36020.1,36801.3,33883.5,"126,82K","-0,50%"
"664",2021-01-16,36019.5,36751.8,37931.7,35408.4,"137,02K","-2,24%"
"665",2021-01-15,36845.8,39175.7,39715,34488.7,"118,42K","-5,95%"
"666",2021-01-14,39175.7,37383.4,40054.3,36772.1,"172,40K","4,80%"
"667",2021-01-13,37382.2,34061.2,37764.6,32451.9,"209,93K","9,70%"
"668",2021-01-12,34076.1,35426,36598.7,32572.7,"241,93K","-4,13%"
"669",2021-01-11,35544.3,38195.3,38217.2,30411.6,"251,04K","-6,93%"
"670",2021-01-10,38192.2,40149.7,41362.4,35141.6,"215,78K","-4,88%"
"671",2021-01-09,40151.9,40607.2,41363.5,38775.1,"128,42K","-1,10%"
"672",2021-01-08,40599.3,39466.4,41921.7,36613.4,"251,29K","2,89%"
"673",2021-01-07,39460.2,36798.5,40340.9,36361.2,"249,60K","7,25%"
"674",2021-01-06,36793.2,33999.3,36934.8,33408.3,"227,56K","8,24%"
"675",2021-01-05,33991.5,32015.4,34414.7,30010.5,"202,13K","6,15%"
"676",2021-01-04,32022.6,33016.6,33587.5,28204.5,"255,27K","-2,84%"
"677",2021-01-03,32958.9,32192.9,34755.9,32029.6,"155,21K","2,38%"
"678",2021-01-02,32193.3,29359.7,33233.5,29008,"240,87K","9,65%"
"679",2021-01-01,29359.9,28951.7,29627.1,28712.4,"100,90K","1,42%"
"680",2020-12-31,28949.4,28866.8,29298.8,28025,"136,69K","0,28%"
"681",2020-12-30,28868.7,27374.5,28979.3,27374.5,"159,82K","5,45%"
"682",2020-12-29,27376,27065.3,27390.7,25902.8,"119,57K","1,18%"
"683",2020-12-28,27057.8,26259.2,27444.9,26144.3,"126,98K","3,03%"
"684",2020-12-27,26261.3,26460.3,28360.3,25858.2,"231,23K","-0,73%"
"685",2020-12-26,26454.4,24714.7,26826,24515.1,"155,77K","7,15%"
"686",2020-12-25,24689.6,23728.7,24778.9,23445.3,"2,40K","4,02%"
"687",2020-12-24,23736.5,23253.2,23783.7,22737.3,"104,59K","2,06%"
"688",2020-12-23,23257.9,23820.8,24063.7,22694.7,"178,47K","-2,37%"
"689",2020-12-22,23823.2,22730.4,23825.4,22388.6,"130,75K","4,82%"
"690",2020-12-21,22728.5,23474.1,24101.9,22015.5,"154,69K","-3,18%"
"691",2020-12-20,23474.9,23843.6,24280.9,23098.9,"114,09K","-1,55%"
"692",2020-12-19,23844,23127.6,24107.1,22797,"133,88K","3,10%"
"693",2020-12-18,23127.9,22823.3,23272.8,22361.5,"131,80K","1,33%"
"694",2020-12-17,22825.4,21352.3,23738,21243.1,"310,74K","6,90%"
"695",2020-12-16,21352.2,19434.7,21525.3,19299.7,"199,81K","9,87%"
"696",2020-12-15,19434.9,19273.9,19556.3,19076.2,"98,39K","0,84%"
"697",2020-12-14,19273.8,19176.4,19346.5,19007,"67,11K","0,51%"
"698",2020-12-13,19176.8,18808.1,19403.6,18716.8,"82,45K","1,96%"
"699",2020-12-12,18808.9,18026.7,18936.2,18025.1,"71,37K","4,36%"
"700",2020-12-11,18023.6,18250.5,18288.3,17600.1,"111,53K","-1,23%"
"701",2020-12-10,18247.2,18546.1,18551.8,17926.8,"85,31K","-1,61%"
"702",2020-12-09,18546,18322.4,18637.9,17658.8,"129,72K","1,20%"
"703",2020-12-08,18326.6,19170.8,19288.6,18229.2,"101,41K","-4,40%"
"704",2020-12-07,19170.7,19368.4,19424.6,18908.8,"61,98K","-1,08%"
"705",2020-12-06,19379.9,19146,19417.1,18873,"54,56K","1,22%"
"706",2020-12-05,19146.5,18657.5,19172.7,18507.1,"59,44K","2,62%"
"707",2020-12-04,18658.1,19431.1,19529.5,18610.8,"110,63K","-3,99%"
"708",2020-12-03,19433.3,19219.8,19596.6,18883.7,"99,97K","1,12%"
"709",2020-12-02,19218.8,18767.9,19335.5,18346.7,"91,92K","2,39%"
"710",2020-12-01,18770.7,19697.8,19897.4,18257,"208,72K","-4,71%"
"711",2020-11-30,19698.1,18186,19831.2,18186,"185,59K","8,32%"
"712",2020-11-29,18185.5,17729.7,18336.3,17530.4,"79,12K","2,57%"
"713",2020-11-28,17730.7,17142.6,17874.4,16874.4,"95,20K","3,52%"
"714",2020-11-27,17127.1,17160.9,17450.3,16481.6,"138,80K","-0,20%"
"715",2020-11-26,17162,18721.9,18894.9,16235.2,"312,07K","-8,34%"
"716",2020-11-25,18723,19151.5,19486.7,18527.7,"146,12K","-2,24%"
"717",2020-11-24,19152.6,18394.6,19416.6,18074.8,"180,79K","4,21%"
"718",2020-11-23,18379.6,18428.1,18756.8,18016,"127,35K","-0,18%"
"719",2020-11-22,18412.9,18689.3,18751.5,17644.6,"121,76K","-1,47%"
"720",2020-11-21,18687.2,18673.8,18966,18397.5,"108,91K","0,06%"
"721",2020-11-20,18675.2,17805.5,18811,17758.4,"134,42K","4,90%"
"722",2020-11-19,17803.5,17775.1,18166,17380.1,"135,94K","0,16%"
"723",2020-11-18,17774.6,17662.3,18466.1,17258.9,"233,43K","0,64%"
"724",2020-11-17,17662.3,16715.8,17845.4,16562,"175,87K","5,66%"
"725",2020-11-16,16715.8,15954.1,16880.7,15870.7,"118,09K","4,78%"
"726",2020-11-15,15953,16074.7,16158.1,15782.3,"58,43K","-0,73%"
"727",2020-11-14,16071,16323.1,16328.2,15717.7,"83,64K","-1,55%"
"728",2020-11-13,16324.2,16293,16474.1,15973.4,"113,75K","0,18%"
"729",2020-11-12,16294.7,15695.8,16342.7,15483.5,"165,54K","3,82%"
"730",2020-11-11,15695.8,15303.1,15953.9,15281,"119,07K","2,56%"
"731",2020-11-10,15303.6,15328,15465.3,15096.5,"93,36K","-0,15%"
"732",2020-11-09,15327.2,15483.3,15819.6,14816.9,"165,04K","-1,01%"
"733",2020-11-08,15483.7,14826.6,15648.3,14720.7,"94,99K","4,42%"
"734",2020-11-07,14828.4,15578.2,15754.4,14385.1,"160,73K","-4,81%"
"735",2020-11-06,15577.9,15593.9,15955.2,15223.5,"186,13K","-0,06%"
"736",2020-11-05,15587.1,14145.6,15739.9,14099.7,"227,49K","10,19%"
"737",2020-11-04,14145.6,14023,14238.8,13544.4,"140,80K","0,90%"
"738",2020-11-03,14019.9,13560.5,14054,13294.6,"108,17K","3,38%"
"739",2020-11-02,13561.4,13759.7,13828.4,13214.2,"97,76K","-1,44%"
"740",2020-11-01,13759.4,13795.5,13889.5,13628.7,"51,71K","-0,27%"
"741",2020-10-31,13797.3,13560.2,14065.4,13441.7,"102,75K","1,75%"
"742",2020-10-30,13559.9,13457,13667.9,13134.5,"108,77K","0,76%"
"743",2020-10-29,13457.2,13278.3,13640,12982.9,"111,23K","1,34%"
"744",2020-10-28,13278.9,13658.3,13851.7,12907.6,"144,18K","-2,77%"
"745",2020-10-27,13657.8,13061.5,13782.3,13050.3,"128,64K","4,56%"
"746",2020-10-26,13061.6,13033,13229.7,12792.4,"89,47K","0,23%"
"747",2020-10-25,13032.2,13117,13345.3,12900.4,"59,73K","-0,65%"
"748",2020-10-24,13117.2,12933.6,13161.5,12876.4,"51,20K","1,42%"
"749",2020-10-23,12934.1,12972.7,13025.5,12738.9,"73,94K","-0,31%"
"750",2020-10-22,12974.6,12805.5,13183.9,12698.2,"113,31K","1,30%"
"751",2020-10-21,12808.7,11913.6,13213.5,11894.6,"197,72K","7,51%"
"752",2020-10-20,11913.5,11753.9,12029.4,11685.7,"94,59K","1,36%"
"753",2020-10-19,11753.4,11507.1,11823.3,11413.9,"73,04K","2,14%"
"754",2020-10-18,11506.9,11362.1,11506.9,11349.8,"31,51K","1,27%"
"755",2020-10-17,11362.1,11321.8,11402.7,11274.4,"29,86K","0,35%"
"756",2020-10-16,11322,11503.2,11542.2,11224.6,"71,42K","-1,57%"
"757",2020-10-15,11503,11421.4,11590.9,11276.7,"70,84K","0,72%"
"758",2020-10-14,11420.4,11424.4,11541,11293.5,"59,12K","-0,03%"
"759",2020-10-13,11423.8,11533.5,11558,11315.9,"64,67K","-0,95%"
"760",2020-10-12,11533.9,11370.8,11715.9,11227.4,"84,02K","1,43%"
"761",2020-10-11,11371,11295.6,11439.4,11277.6,"41,06K","0,64%"
"762",2020-10-10,11298.4,11053.5,11475,11053.1,"65,81K","2,21%"
"763",2020-10-09,11054.2,10923.5,11103,10836.9,"70,95K","1,19%"
"764",2020-10-08,10924.1,10670.7,10948.6,10549.6,"79,78K","2,37%"
"765",2020-10-07,10670.9,10601,10680.1,10553.3,"49,27K","0,64%"
"766",2020-10-06,10602.6,10790.2,10800.3,10530.8,"69,07K","-1,73%"
"767",2020-10-05,10789.5,10672.5,10789.6,10623.4,"48,86K","1,09%"
"768",2020-10-04,10672.9,10544.4,10693.3,10520.8,"31,40K","1,22%"
"769",2020-10-03,10544.2,10572.2,10597.8,10501.2,"29,10K","-0,27%"
"770",2020-10-02,10572.3,10619.6,10662.9,10387.6,"77,94K","-0,45%"
"771",2020-10-01,10620.5,10776.6,10913.7,10462.7,"95,33K","-1,44%"
"772",2020-09-30,10776.1,10843.4,10847.7,10667.6,"55,55K","-0,60%"
"773",2020-09-29,10840.9,10694.3,10858.4,10642.4,"59,64K","1,38%"
"774",2020-09-28,10693.2,10776.4,10946.6,10685.2,"72,29K","-0,77%"
"775",2020-09-27,10776.2,10727.9,10799.2,10602.7,"40,92K","0,45%"
"776",2020-09-26,10727.9,10688.9,10793.3,10650.2,"37,85K","0,37%"
"777",2020-09-25,10688.8,10739.9,10756,10558.9,"71,43K","-0,47%"
"778",2020-09-24,10739.4,10238.1,10787.8,10201,"82,95K","4,90%"
"779",2020-09-23,10237.3,10531.5,10535.4,10146.6,"74,95K","-2,79%"
"780",2020-09-22,10531.5,10419.4,10570.7,10361.7,"63,52K","1,10%"
"781",2020-09-21,10416.8,10919.9,10987.2,10328.5,"109,85K","-4,62%"
"782",2020-09-20,10921.5,11081.6,11081.6,10772.7,"53,39K","-1,45%"
"783",2020-09-19,11081.8,10933,11177.1,10890.7,"51,63K","1,36%"
"784",2020-09-18,10933,10941.3,11029.7,10818.7,"63,48K","-0,08%"
"785",2020-09-17,10941.3,10950.1,11039.3,10755.2,"77,22K","-0,07%"
"786",2020-09-16,10949.5,10785.2,11093.3,10669.2,"94,94K","1,52%"
"787",2020-09-15,10785.3,10675.2,10931.8,10627.8,"91,70K","1,03%"
"788",2020-09-14,10675.3,10332.7,10744.3,10264.5,"96,64K","3,38%"
"789",2020-09-13,10326,10441.7,10579.6,10219.4,"66,12K","-1,11%"
"790",2020-09-12,10441.9,10390.2,10476.8,10275.9,"48,49K","0,50%"
"791",2020-09-11,10390.2,10339.8,10398.8,10212.6,"62,28K","0,49%"
"792",2020-09-10,10339.7,10224.3,10480.3,10219.2,"88,01K","1,13%"
"793",2020-09-09,10224.6,10126.8,10343.3,9984.6,"71,37K","0,97%"
"794",2020-09-08,10126.6,10376.9,10434.4,9877.1,"113,90K","-2,41%"
"795",2020-09-07,10376.9,10296.4,10400.9,9887,"12,40M","0,78%"
"796",2020-09-06,10296.4,10092.2,10337.7,10004.7,"12,12M","2,02%"
"797",2020-09-05,10092.2,10472.3,10558.7,9897.8,"14,72M","-3,63%"
"798",2020-09-04,10472.5,10168.7,10614.2,9960.3,"12,50M","2,99%"
"799",2020-09-03,10168.8,11413.2,11442.7,10009.5,"9,65M","-10,90%"
"800",2020-09-02,11413.3,11914.4,11947.5,11244.9,"20,26M","-4,21%"
"801",2020-09-01,11914.9,11644.2,12045.9,11544.6,"580,69K","2,32%"
"802",2020-08-31,11644.2,11701.1,11760.2,11563.8,"496,14K","-0,49%"
"803",2020-08-30,11702,11468.1,11704.2,11462.6,"409,36K","2,04%"
"804",2020-08-29,11468.1,11527.8,11576.8,11433.5,"389,85K","-0,51%"
"805",2020-08-28,11527.4,11327.5,11539,11281.9,"464,94K","1,77%"
"806",2020-08-27,11327.4,11462.3,11580.3,11135.3,"560,59K","-1,18%"
"807",2020-08-26,11462.3,11324.9,11533.6,11254.6,"513,06K","1,21%"
"808",2020-08-25,11324.8,11752.9,11766.9,11131,"594,07K","-3,65%"
"809",2020-08-24,11753.5,11641.6,11824.6,11587.1,"429,13K","0,96%"
"810",2020-08-23,11641.6,11661.1,11705.4,11520.8,"377,33K","-0,17%"
"811",2020-08-22,11661.3,11529.2,11677,11382.1,"433,98K","1,15%"
"812",2020-08-21,11529.2,11856.9,11877.4,11495.6,"506,38K","-2,76%"
"813",2020-08-20,11856.9,11751,11881,11672.7,"430,93K","0,91%"
"814",2020-08-19,11750.2,11944.4,12013.2,11602.6,"550,26K","-1,65%"
"815",2020-08-18,11947.6,12283,12381.4,11842,"606,79K","-2,73%"
"816",2020-08-17,12282.6,11898.8,12444.1,11764,"628,41K","3,22%"
"817",2020-08-16,11899,11845.5,11922.5,11688.9,"410,81K","0,45%"
"818",2020-08-15,11845.3,11751.1,11964,11711.5,"499,10K","0,80%"
"819",2020-08-14,11750.8,11771.1,11835.5,11651.5,"435,44K","-0,17%"
"820",2020-08-13,11770.9,11557.2,11772.9,11298.4,"545,67K","1,85%"
"821",2020-08-12,11557.2,11390.4,11605.4,11190.6,"549,59K","1,46%"
"822",2020-08-11,11390.4,11889.2,11931.8,11146.7,"615,90K","-4,19%"
"823",2020-08-10,11889.2,11681.1,12041.1,11546.9,"564,11K","1,78%"
"824",2020-08-09,11681.2,11764.4,11792.8,11527.5,"303,00K","-0,71%"
"825",2020-08-08,11764.3,11591.6,11805.5,11533.5,"317,06K","1,49%"
"826",2020-08-07,11592,11757.1,11901.8,11352.4,"517,00K","-1,40%"
"827",2020-08-06,11757.1,11735,11898.4,11563,"554,85K","0,19%"
"828",2020-08-05,11735.1,11184.8,11771.5,11114.5,"570,83K","4,92%"
"829",2020-08-04,11184.7,11223.8,11407.8,11043,"485,79K","-0,35%"
"830",2020-08-03,11224.4,11066.9,11461.1,10981.6,"470,24K","1,42%"
"831",2020-08-02,11066.8,11802.6,12061.1,10730.7,"647,95K","-6,24%"
"832",2020-08-01,11803.1,11333.2,11847.7,11226.1,"611,47K","4,14%"
"833",2020-07-31,11333.4,11096.5,11434.8,10964.6,"530,95K","2,14%"
"834",2020-07-30,11096.2,11105.8,11164.4,10861.6,"501,14K","-0,09%"
"835",2020-07-29,11105.9,10908.4,11336.5,10771.8,"576,83K","1,81%"
"836",2020-07-28,10908.5,10961.1,11046.1,10873.6,"658,37K","-1,04%"
"837",2020-07-27,11022.8,9932.7,11367,9894.6,"908,99K","10,98%"
"838",2020-07-26,9932.5,9690,10086.6,9645.9,"415,07K","2,35%"
"839",2020-07-25,9704.1,9546.7,9729.3,9536.2,"306,29K","1,65%"
"840",2020-07-24,9546.4,9599.2,9626.2,9480.5,"359,16K","-0,55%"
"841",2020-07-23,9599.6,9513.6,9646.5,9451.1,"425,66K","0,90%"
"842",2020-07-22,9513.7,9387.4,9523.1,9296,"386,00K","1,35%"
"843",2020-07-21,9387.3,9162.3,9426.9,9155.1,"458,99K","2,46%"
"844",2020-07-20,9162.4,9208.1,9218.4,9139.9,"312,98K","-0,50%"
"845",2020-07-19,9208,9170.1,9224.8,9106.4,"265,25K","0,41%"
"846",2020-07-18,9170.2,9155.8,9198.8,9126.7,"276,40K","0,16%"
"847",2020-07-17,9155.8,9135.4,9181.9,9091.5,"310,92K","0,22%"
"848",2020-07-16,9135.3,9198.7,9224.2,9052,"429,04K","-0,69%"
"849",2020-07-15,9198.7,9253.6,9270.2,9168.7,"429,84K","-0,59%"
"850",2020-07-14,9253.4,9243.1,9274.8,9135.7,"453,83K","0,11%"
"851",2020-07-13,9243.6,9300.5,9329.6,9207.6,"456,87K","-0,62%"
"852",2020-07-12,9300.8,9234.2,9337.8,9170.4,"366,88K","0,73%"
"853",2020-07-11,9233.3,9285.8,9295.5,9184.2,"353,92K","-0,56%"
"854",2020-07-10,9285.1,9239,9309.8,9131.9,"418,47K","0,53%"
"855",2020-07-09,9235.7,9430.1,9434.5,9176,"444,27K","-2,06%"
"856",2020-07-08,9429.9,9256.3,9458.3,9233.1,"509,94K","1,88%"
"857",2020-07-07,9256,9338.8,9371.2,9209.3,"420,55K","-0,89%"
"858",2020-07-06,9339,9080.4,9363,9063.2,"510,27K","2,84%"
"859",2020-07-05,9081,9134.3,9149.6,8932.1,"314,10K","-0,58%"
"860",2020-07-04,9134.4,9067.1,9182.3,9049.6,"261,25K","0,74%"
"861",2020-07-03,9067.1,9085,9120.4,9050.9,"333,88K","-0,20%"
"862",2020-07-02,9085.1,9229.9,9259.7,8962.1,"483,10K","-1,57%"
"863",2020-07-01,9229.9,9135.9,9289,9101.1,"366,78K","1,03%"
"864",2020-06-30,9135.4,9186,9199.8,9075.3,"381,73K","-0,54%"
"865",2020-06-29,9185.4,9122.8,9229.1,9033.6,"401,12K","0,67%"
"866",2020-06-28,9124,9008.4,9185.5,8950.2,"329,01K","1,28%"
"867",2020-06-27,9008.3,9160.5,9190.5,8865.3,"441,93K","-1,66%"
"868",2020-06-26,9160,9247.5,9296.5,9060.1,"489,84K","-0,95%"
"869",2020-06-25,9247.5,9300.8,9327.3,9022.6,"524,45K","-0,59%"
"870",2020-06-24,9302,9624.6,9667.4,9223,"515,78K","-3,35%"
"871",2020-06-23,9624.6,9683.9,9715.6,9581.8,"375,49K","-0,61%"
"872",2020-06-22,9683.7,9296.5,9751.9,9285.8,"523,32K","4,17%"
"873",2020-06-21,9296.4,9358.8,9411.2,9288.5,"335,99K","-0,67%"
"874",2020-06-20,9358.8,9314,9394.5,9199.8,"383,44K","0,48%"
"875",2020-06-19,9314,9390.3,9424,9249.6,"478,49K","-0,79%"
"876",2020-06-18,9388.1,9464.6,9480.4,9289.3,"391,67K","-0,81%"
"877",2020-06-17,9464.6,9523.6,9543.6,9258.2,"446,45K","-0,62%"
"878",2020-06-16,9523.5,9425.6,9577.1,9379.3,"545,47K","1,04%"
"879",2020-06-15,9425.4,9345.5,9489.7,8925.6,"750,90K","0,86%"
"880",2020-06-14,9345.3,9470.7,9474.7,9264.4,"311,27K","-1,33%"
"881",2020-06-13,9471.3,9466.5,9484.9,9369.9,"364,97K","0,05%"
"882",2020-06-12,9466.6,9283.7,9547.5,9249.4,"529,28K","1,97%"
"883",2020-06-11,9283.2,9878.9,9945.2,9139.1,"919,30K","-6,03%"
"884",2020-06-10,9878.8,9768.8,9970.9,9710.7,"533,55K","1,13%"
"885",2020-06-09,9768.8,9777.7,9857.2,9616.6,"479,55K","-0,09%"
"886",2020-06-08,9777.9,9743.4,9788.2,9662.3,"431,04K","0,36%"
"887",2020-06-07,9742.6,9669.6,9791.8,9417.4,"549,20K","0,76%"
"888",2020-06-06,9669.6,9630.8,9733.1,9549.5,"370,85K","0,40%"
"889",2020-06-05,9631.2,9794,9846.1,9628.7,"527,05K","-1,67%"
"890",2020-06-04,9794.4,9667.2,9864.4,9490.9,"593,66K","1,32%"
"891",2020-06-03,9667.2,9527,9667.2,9421.7,"558,12K","1,47%"
"892",2020-06-02,9527.6,10190.7,10207.3,9347.3,"1,06M","-6,49%"
"893",2020-06-01,10189.3,9454.5,10301.8,9429.7,"796,68K","7,77%"
"894",2020-05-31,9454.8,9692.9,9695.6,9406.2,"645,27K","-2,45%"
"895",2020-05-30,9692.5,9424.8,9729.9,9352.7,"720,62K","2,84%"
"896",2020-05-29,9424.8,9573.4,9596.5,9358.1,"814,33K","-1,54%"
"897",2020-05-28,9572.2,9199.8,9610.8,9119.2,"948,86K","4,06%"
"898",2020-05-27,9199.1,8842.3,9210.9,8818.6,"810,89K","4,03%"
"899",2020-05-26,8842.5,8897.7,8994.6,8713.9,"784,92K","-0,63%"
"900",2020-05-25,8898.2,8728,8959.5,8666.1,"941,89K","1,95%"
"901",2020-05-24,8728.2,9177.9,9292,8724.1,"1,11M","-4,89%"
"902",2020-05-23,9177,9169.8,9303.2,9098.9,"812,56K","0,08%"
"903",2020-05-22,9169.7,9058.2,9253.5,8952.1,"914,59K","1,22%"
"904",2020-05-21,9059,9511.6,9567.1,8833.6,"1,41M","-4,76%"
"905",2020-05-20,9512.3,9773,9829.3,9368.4,"1,15M","-2,67%"
"906",2020-05-19,9773.3,9730.8,9883.9,9498.7,"1,16M","0,44%"
"907",2020-05-18,9730.7,9678.4,9930.2,9524.4,"1,18M","0,55%"
"908",2020-05-17,9677.7,9376.6,9866,9327.8,"1,18M","3,18%"
"909",2020-05-16,9379.5,9318.1,9579,9233,"1,10M","0,66%"
"910",2020-05-15,9318,9778.6,9819.6,9223.2,"1,56M","-4,71%"
"911",2020-05-14,9778.4,9298.7,9887.5,9265.8,"1,77M","5,16%"
"912",2020-05-13,9298.7,8813.9,9384.6,8799.1,"1,50M","5,50%"
"913",2020-05-12,8813.8,8569.8,8964.5,8542.8,"1,35M","2,73%"
"914",2020-05-11,8579.8,8737.6,9129.6,8235.6,"2,29M","-1,82%"
"915",2020-05-10,8738.8,9553.9,9569.4,8259.3,"2,47M","-8,54%"
"916",2020-05-09,9554.6,9806,9910.5,9533.6,"1,49M","-2,57%"
"917",2020-05-08,9806.2,9980.1,10018.2,9731.4,"1,42M","-1,74%"
"918",2020-05-07,9979.8,9152.7,10033,9064.8,"1,91M","9,05%"
"919",2020-05-06,9151.4,9000.6,9373.7,8923.6,"1,62M","1,67%"
"920",2020-05-05,9001,8874.2,9078.7,8800.4,"1,05M","1,42%"
"921",2020-05-04,8874.7,8885.5,8945.5,8553.2,"1,12M","-0,12%"
"922",2020-05-03,8885.5,8966.2,9169.9,8742.2,"1,15M","-0,90%"
"923",2020-05-02,8966.3,8821.6,8986.2,8771.3,"890,34K","1,64%"
"924",2020-05-01,8821.6,8628.6,9040.3,8621,"1,11M","2,23%"
"925",2020-04-30,8629,8770.6,9437.5,8425.5,"2,04M","-1,62%"
"926",2020-04-29,8770.9,7746.7,8918.5,7729.7,"1,83M","13,22%"
"927",2020-04-28,7746.9,7766,7770.1,7655.3,"808,09K","-0,25%"
"928",2020-04-27,7766,7679.4,7768.5,7637.7,"980,50K","1,13%"
"929",2020-04-26,7678.9,7540.4,7679.4,7520.5,"921,59K","1,84%"
"930",2020-04-25,7540.4,7503.9,7684.6,7451,"861,93K","0,49%"
"931",2020-04-24,7503.8,7491.3,7583.5,7423.5,"951,95K","0,20%"
"932",2020-04-23,7488.5,7112.8,7655.4,7036.5,"1,34M","5,28%"
"933",2020-04-22,7112.9,6842.5,7137.4,6821.8,"914,18K","3,95%"
"934",2020-04-21,6842.5,6833.4,6919.3,6774.3,"892,57K","0,13%"
"935",2020-04-20,6833.5,7122.9,7207.5,6771.2,"1,26M","-4,06%"
"936",2020-04-19,7122.9,7230.9,7238,7079.1,"5,93M","-1,49%"
"937",2020-04-18,7230.8,7035.9,7259.4,7031.5,"796,45K","2,77%"
"938",2020-04-17,7035.8,7085.5,7142.8,7005.8,"810,10K","-0,70%"
"939",2020-04-16,7085.6,6629.1,7159.7,6520.5,"1,54M","6,89%"
"940",2020-04-15,6629.1,6851.3,6929.5,6615.9,"1,00M","-3,24%"
"941",2020-04-14,6850.9,6841.8,6970.8,6768.6,"999,53K","0,14%"
"942",2020-04-13,6841.3,6918.1,6920.3,6618.5,"1,25M","-1,10%"
"943",2020-04-12,6917.6,6867.9,7158.8,6785.1,"1,10M","0,73%"
"944",2020-04-11,6867.8,6862.7,6931.4,6765.1,"845,58K","0,07%"
"945",2020-04-10,6863.1,7289,7294.4,6756.1,"1,37M","-5,84%"
"946",2020-04-09,7289,7361.1,7361.1,7140.3,"963,55K","-0,98%"
"947",2020-04-08,7361.2,7185.6,7396.1,7153.1,"983,94K","2,45%"
"948",2020-04-07,7185.2,7332.3,7440.3,7101.7,"1,32M","-2,01%"
"949",2020-04-06,7332.3,6772.8,7335,6770.1,"1,53M","8,26%"
"950",2020-04-05,6772.7,6857.5,6889.4,6686,"842,33K","-1,23%"
"951",2020-04-04,6857.4,6735.9,6958.6,6679.1,"1,05M","1,80%"
"952",2020-04-03,6735.9,6799.9,7026.3,6623.6,"1,35M","-0,95%"
"953",2020-04-02,6800.5,6638.8,7182.7,6567.9,"1,74M","2,44%"
"954",2020-04-01,6638.5,6412.4,6661.3,6157.4,"1,40M","3,52%"
"955",2020-03-31,6412.5,6391.1,6513.1,6346.3,"1,05M","0,34%"
"956",2020-03-30,6391,5890.4,6576.5,5872.5,"1,43M","8,50%"
"957",2020-03-29,5890.4,6233.2,6258.8,5889.3,"916,17K","-5,51%"
"958",2020-03-28,6233.7,6373.4,6374.3,6046.5,"1,26M","-2,19%"
"959",2020-03-27,6373.4,6725.5,6813.7,6322.3,"1,16M","-5,23%"
"960",2020-03-26,6725.1,6677.9,6772.9,6541.7,"1,18M","0,69%"
"961",2020-03-25,6678.9,6744.8,6930.2,6474.6,"1,52M","-0,97%"
"962",2020-03-24,6744.6,6468.8,6814.2,6380.8,"1,73M","4,26%"
"963",2020-03-23,6468.9,5822,6564.7,5710.8,"1,88M","11,11%"
"964",2020-03-22,5822.1,6186.9,6394.4,5771.2,"1,48M","-5,89%"
"965",2020-03-21,6186.2,6205.6,6438.3,5887,"1,64M","-0,31%"
"966",2020-03-20,6205.3,6171.6,6858.1,5748.2,"2,22M","0,54%"
"967",2020-03-19,6172,5359.2,6379.5,5256,"2,18M","15,12%"
"968",2020-03-18,5361.4,5260.7,5373.1,5020.9,"1,80M","1,91%"
"969",2020-03-17,5261.1,5030.2,5432.8,4946.5,"1,89M","4,59%"
"970",2020-03-16,5030,5366.4,5369.3,4477.7,"2,55M","-6,27%"
"971",2020-03-15,5366.3,5182.9,5863.3,5120.6,"1,61M","3,54%"
"972",2020-03-14,5182.7,5589.4,5634.9,5072.2,"1,69M","-7,19%"
"973",2020-03-13,5584.3,4815.2,5934.3,3869.5,"4,17M","15,71%"
"974",2020-03-12,4826,7935.2,7963.1,4546.6,"3,22M","-39,18%"
"975",2020-03-11,7935.1,7892.1,7976.5,7606,"1,10M","0,56%"
"976",2020-03-10,7891.2,7933,8145.5,7740.2,"1,20M","-0,53%"
"977",2020-03-09,7933,8035.8,8158.8,7648.7,"1,54M","-1,26%"
"978",2020-03-08,8034.1,8887.8,8888,8015.3,"1,11M","-9,61%"
"979",2020-03-07,8887.8,9134.2,9180.8,8848.7,"750,65K","-2,70%"
"980",2020-03-06,9134.8,9060.6,9165.2,9004.9,"1,04M","0,82%"
"981",2020-03-05,9060.3,8757.9,9147.3,8751.5,"950,76K","3,45%"
"982",2020-03-04,8757.9,8761.3,8840.3,8679.7,"759,69K","-0,04%"
"983",2020-03-03,8761.4,8906.1,8911.7,8669.3,"1,01M","-1,61%"
"984",2020-03-02,8904.8,8537.5,8961.8,8503.1,"1,02M","4,27%"
"985",2020-03-01,8540,8543.8,8737.2,8437.2,"784,05K","-0,04%"
"986",2020-02-29,8543.7,8697.1,8793.7,8539.8,"683,44K","-1,77%"
"987",2020-02-28,8697.5,8820.1,8898.7,8451.9,"1,08M","-1,37%"
"988",2020-02-27,8818.6,8800.1,8968.3,8538.5,"1,13M","0,21%"
"989",2020-02-26,8800.3,9317.1,9368.1,8672,"1,32M","-5,55%"
"990",2020-02-25,9317.2,9662.6,9672.3,9269.8,"937,97K","-3,57%"
"991",2020-02-24,9662.7,9943.2,9981,9507,"980,00K","-2,82%"
"992",2020-02-23,9942.7,9655.6,9965.6,9653.4,"775,88K","2,97%"
"993",2020-02-22,9655.7,9684.5,9706.5,9569.8,"589,88K","-0,30%"
"994",2020-02-21,9684.5,9602.2,9747.1,9574.5,"716,61K","0,85%"
"995",2020-02-20,9602.4,9611.9,9681.4,9448.9,"870,80K","-0,07%"
"996",2020-02-19,9609.4,10158.6,10230.9,9424.3,"905,95K","-5,40%"
"997",2020-02-18,10158.4,9701.5,10230.1,9601.6,"945,91K","4,71%"
"998",2020-02-17,9701.4,9931.7,9951.5,9468.9,"961,88K","-2,32%"
"999",2020-02-16,9932.3,9907.4,10056.4,9654.9,"808,91K","0,25%"
"1000",2020-02-15,9907.7,10336,10369.8,9831.7,"808,81K","-4,12%"
"1001",2020-02-14,10333,10235.5,10372.4,10125.2,"732,51K","0,96%"
"1002",2020-02-13,10235.1,10321.9,10482.6,10116.9,"940,30K","-0,80%"
"1003",2020-02-12,10317.7,10229.3,10435.6,10229.3,"803,25K","0,86%"
"1004",2020-02-11,10229.5,9854,10314.1,9725.1,"791,28K","3,81%"
"1005",2020-02-10,9854.1,10151.5,10181.7,9774.8,"781,22K","-2,93%"
"1006",2020-02-09,10151.5,9895.4,10157.1,9882.7,"617,35K","2,59%"
"1007",2020-02-08,9895.5,9817.3,9931.2,9673.2,"551,31K","0,78%"
"1008",2020-02-07,9818.6,9771.9,9872.5,9738.7,"608,96K","0,48%"
"1009",2020-02-06,9772,9611.8,9854.9,9536.1,"778,67K","1,67%"
"1010",2020-02-05,9611.8,9194.1,9726.8,9179.9,"771,46K","4,54%"
"1011",2020-02-04,9193.9,9296.5,9347.5,9193.9,"651,68K","-1,10%"
"1012",2020-02-03,9296.6,9334.6,9582.8,9243.1,"701,39K","-0,41%"
"1013",2020-02-02,9334.9,9381.5,9465.4,9183.1,"683,37K","-0,50%"
"1014",2020-02-01,9381.6,9349.3,9458.8,9301.5,"458,42K","0,35%"
"1015",2020-01-31,9349.1,9508.3,9525,9222.3,"633,37K","-1,66%"
"1016",2020-01-30,9507.3,9299.1,9569,9209.2,"765,21K","2,24%"
"1017",2020-01-29,9298.9,9377.3,9428.7,9250.9,"749,88K","-0,84%"
"1018",2020-01-28,9377.3,8866.6,9389.5,8866.6,"954,20K","5,76%"
"1019",2020-01-27,8866.6,8608.1,8983.1,8585.6,"706,45K","3,01%"
"1020",2020-01-26,8607.8,8341.6,8607.8,8304.9,"468,34K","3,19%"
"1021",2020-01-25,8341.6,8439.9,8447.6,8277.2,"444,00K","-1,17%"
"1022",2020-01-24,8439.9,8404.9,8522,8242.6,"617,02K","0,41%"
"1023",2020-01-23,8405.1,8678.5,8687.3,8309.6,"722,67K","-3,15%"
"1024",2020-01-22,8678.5,8733,8805.4,8610.8,"509,06K","-0,62%"
"1025",2020-01-21,8732.6,8642,8770.3,8524,"540,20K","1,05%"
"1026",2020-01-20,8641.9,8705.7,8740.1,8539.2,"599,06K","-0,74%"
"1027",2020-01-19,8706.2,8916.3,9183.7,8552.8,"975,01K","-2,36%"
"1028",2020-01-18,8916.3,8913,8982.3,8814.6,"627,74K","0,04%"
"1029",2020-01-17,8913.1,8726.7,9005.1,8675.9,"794,11K","2,13%"
"1030",2020-01-16,8726.9,8818.1,8850,8605.8,"748,32K","-1,04%"
"1031",2020-01-15,8818.3,8827.9,8904,8615.5,"1,17M","-0,12%"
"1032",2020-01-14,8829.2,8111.2,8898.7,8111.2,"1,48M","8,85%"
"1033",2020-01-13,8111.4,8188.3,8196.7,8068.4,"610,66K","-0,93%"
"1034",2020-01-12,8187.6,8023.3,8189.9,7973.1,"595,22K","2,04%"
"1035",2020-01-11,8024.1,8187.8,8262.9,8008.4,"776,75K","-1,99%"
"1036",2020-01-10,8187.1,7842.5,8187.4,7697.7,"1,05M","4,40%"
"1037",2020-01-09,7842.4,8060,8065.9,7779.2,"786,50K","-2,70%"
"1038",2020-01-08,8059.6,8154.2,8436.4,7900.8,"1,19M","-1,18%"
"1039",2020-01-07,8155.7,7759.1,8182,7754.1,"1,01M","5,11%"
"1040",2020-01-06,7759.1,7372.6,7783.1,7366.7,"786,75K","5,24%"
"1041",2020-01-05,7372.5,7376.8,7501,7345.6,"628,14K","-0,06%"
"1042",2020-01-04,7376.8,7345.1,7433.1,7291.4,"523,91K","0,46%"
"1043",2020-01-03,7343.1,6967.1,7402.9,6884.1,"936,29K","5,40%"
"1044",2020-01-02,6967,7199.7,7209.6,6901.4,"632,78K","-3,23%"
"1045",2020-01-01,7199.8,7196.4,7259.4,7180,"420,28K","0,05%"
"1046",2019-12-31,7196.4,7261.5,7331,7167.4,"586,60K","-0,90%"
"1047",2019-12-30,7261.8,7397.5,7420.9,7244.1,"606,11K","-1,84%"
"1048",2019-12-29,7397.5,7321.6,7518.9,7303,"611,69K","1,04%"
"1049",2019-12-28,7321.5,7261.9,7375.9,7256.5,"610,96K","0,82%"
"1050",2019-12-27,7261.7,7210.8,7293.8,7128.5,"718,07K","0,70%"
"1051",2019-12-26,7210.9,7225,7414.3,7177.3,"795,09K","-0,19%"
"1052",2019-12-25,7224.8,7268.3,7542.4,7150.9,"625,41K","-0,60%"
"1053",2019-12-24,7268.3,7322.4,7433.2,7185.7,"785,54K","-0,74%"
"1054",2019-12-23,7322.8,7496.2,7684,7276.2,"952,16K","-2,31%"
"1055",2019-12-22,7495.8,7156.3,7501.1,7142,"677,94K","4,74%"
"1056",2019-12-21,7156.2,7196.4,7197.6,7129.6,"468,74K","-0,56%"
"1057",2019-12-20,7196.4,7165.5,7218.4,7107.7,"627,04K","0,43%"
"1058",2019-12-19,7165.5,7276.4,7354,7039.3,"778,72K","-1,52%"
"1059",2019-12-18,7276,6613.5,7387.7,6462.2,"1,14M","10,02%"
"1060",2019-12-17,6613.3,6903.5,6943.5,6575,"894,55K","-4,20%"
"1061",2019-12-16,6903.5,7128.5,7153.1,6864.6,"689,56K","-3,16%"
"1062",2019-12-15,7128.5,7080.8,7175.8,7033.8,"492,58K","0,67%"
"1063",2019-12-14,7080.8,7255.2,7267.4,7043.3,"524,56K","-2,40%"
"1064",2019-12-13,7255.2,7208.4,7288,7200.3,"503,49K","0,65%"
"1065",2019-12-12,7208,7208,7272.4,7124.6,"611,80K","0,00%"
"1066",2019-12-11,7208,7235.8,7284.4,7168.8,"518,40K","-0,38%"
"1067",2019-12-10,7235.7,7356.2,7400.3,7192.1,"609,50K","-1,63%"
"1068",2019-12-09,7355.8,7524.8,7626,7321.6,"648,66K","-2,24%"
"1069",2019-12-08,7524.4,7510.8,7576.4,7416.7,"499,04K","0,18%"
"1070",2019-12-07,7510.9,7530.4,7595.7,7489.6,"557,14K","-0,26%"
"1071",2019-12-06,7530.8,7399.2,7552.1,7329.8,"706,10K","1,78%"
"1072",2019-12-05,7399.2,7204.6,7476.3,7184,"780,78K","2,70%"
"1073",2019-12-04,7204.4,7291.9,7702.2,7113.6,"971,75K","-1,20%"
"1074",2019-12-03,7291.8,7298.1,7389.4,7227.1,"548,77K","-0,09%"
"1075",2019-12-02,7298.2,7395.9,7433.8,7173.6,"687,78K","-1,33%"
"1076",2019-12-01,7396.4,7546.5,7546.5,7244.4,"777,00K","-1,99%"
"1077",2019-11-30,7546.6,7742.7,7787.7,7472.7,"650,60K","-2,53%"
"1078",2019-11-29,7742.7,7426.6,7825.3,7412.3,"766,71K","4,26%"
"1079",2019-11-28,7426.7,7510.6,7639.5,7380.6,"737,58K","-1,12%"
"1080",2019-11-27,7510.6,7162.8,7636.9,6875.4,"996,49K","4,86%"
"1081",2019-11-26,7162.8,7115.5,7329.5,7045.1,"844,27K","0,66%"
"1082",2019-11-25,7115.6,6924.7,7352.8,6534.8,"1,29M","2,76%"
"1083",2019-11-24,6924.7,7325,7344.1,6894.9,"904,50K","-5,45%"
"1084",2019-11-23,7324.1,7271.6,7342.5,7093.7,"783,18K","0,71%"
"1085",2019-11-22,7272.5,7627.9,7700.9,6818.5,"1,41M","-4,66%"
"1086",2019-11-21,7627.9,8099.4,8129.6,7519.7,"891,50K","-5,82%"
"1087",2019-11-20,8099.3,8145.7,8223,8074.2,"607,27K","-0,57%"
"1088",2019-11-19,8145.7,8207.7,8245.6,8032.8,"654,27K","-0,76%"
"1089",2019-11-18,8208.4,8510.3,8516.3,8110.4,"692,60K","-3,54%"
"1090",2019-11-17,8509.8,8497.4,8631.7,8413,"531,22K","0,15%"
"1091",2019-11-16,8497.3,8476.2,8532.8,8450.7,"471,16K","0,25%"
"1092",2019-11-15,8476.3,8660.8,8761.8,8437.1,"653,71K","-2,13%"
"1093",2019-11-14,8661.2,8782.9,8799.8,8615.8,"515,43K","-1,39%"
"1094",2019-11-13,8783.1,8813.2,8829.7,8721.1,"454,33K","-0,33%"
"1095",2019-11-12,8812.6,8737.4,8841.2,8615.7,"575,16K","0,87%"
"1096",2019-11-11,8736.9,9036.9,9066.4,8649.4,"601,16K","-3,32%"
"1097",2019-11-10,9036.8,8804.7,9092.9,8763.5,"581,57K","2,64%"
"1098",2019-11-09,8804.5,8778.1,8877.5,8746.9,"512,02K","0,30%"
"1099",2019-11-08,8778.2,9223.6,9254.8,8722.4,"791,79K","-4,83%"
"1100",2019-11-07,9223.5,9339.2,9367,9130,"603,54K","-1,24%"
"1101",2019-11-06,9338.9,9311.2,9424.6,9262.7,"578,03K","0,30%"
"1102",2019-11-05,9310.8,9396.1,9452.7,9193.9,"653,42K","-0,91%"
"1103",2019-11-04,9396.4,9198.7,9500.4,9134.1,"681,01K","2,15%"
"1104",2019-11-03,9198.3,9300.5,9359.1,9095,"536,56K","-1,10%"
"1105",2019-11-02,9300.6,9230.3,9356.7,9201.2,"570,74K","0,76%"
"1106",2019-11-01,9230.1,9153.1,9270.4,9057.2,"689,65K","0,85%"
"1107",2019-10-31,9152.6,9157.9,9378.9,8959.6,"798,93K","-0,06%"
"1108",2019-10-30,9157.9,9411.3,9411.3,9018.4,"789,73K","-2,69%"
"1109",2019-10-29,9411.3,9206.5,9531.3,9125.3,"918,48K","2,22%"
"1110",2019-10-28,9207.2,9530.1,9866.9,9202.5,"1,04M","-3,38%"
"1111",2019-10-27,9529.6,9230.6,9773.2,9081,"1,16M","3,24%"
"1112",2019-10-26,9230.6,8658.4,10540,8061.8,"1,78M","6,61%"
"1113",2019-10-25,8658.3,7422.8,8697.7,7404.9,"1,18M","16,65%"
"1114",2019-10-24,7422.7,7476.8,7501.5,7366.3,"586,49K","-0,73%"
"1115",2019-10-23,7477,8031,8055,7329.2,"892,08K","-6,90%"
"1116",2019-10-22,8031.4,8207.4,8289.1,8017.7,"570,39K","-2,15%"
"1117",2019-10-21,8208.2,8224.1,8315.3,8155.7,"489,40K","-0,18%"
"1118",2019-10-20,8223.4,7957.4,8288.5,7889.6,"513,91K","3,34%"
"1119",2019-10-19,7957.3,7948.3,8060.2,7892.4,"428,83K","0,11%"
"1120",2019-10-18,7948.5,8073.3,8116.4,7842,"505,79K","-1,55%"
"1121",2019-10-17,8073.3,8000.4,8118.2,7944.4,"444,95K","0,91%"
"1122",2019-10-16,8000.4,8167.1,8185.9,7929.8,"538,92K","-2,04%"
"1123",2019-10-15,8167.2,8353.4,8400.2,8139.5,"469,73K","-2,23%"
"1124",2019-10-14,8353.3,8281.3,8374.3,8222.2,"505,02K","0,87%"
"1125",2019-10-13,8281.5,8304.3,8450.2,8190.6,"419,87K","-0,28%"
"1126",2019-10-12,8304.4,8267.6,8394.8,8260.9,"424,02K","0,44%"
"1127",2019-10-11,8267.8,8562.2,8751.1,8249.7,"667,86K","-3,44%"
"1128",2019-10-10,8562.3,8566.8,8638.5,8438.7,"511,46K","-0,05%"
"1129",2019-10-09,8566.7,8180.1,8655.9,8122.7,"636,43K","4,69%"
"1130",2019-10-08,8182.9,8198.5,8323.1,8118.1,"469,04K","-0,19%"
"1131",2019-10-07,8198.6,7882.6,8293.5,7797,"604,74K","4,02%"
"1132",2019-10-06,7881.9,8127.3,8145.5,7834.9,"448,80K","-3,02%"
"1133",2019-10-05,8127.3,8148,8185.1,8030.6,"360,92K","-0,25%"
"1134",2019-10-04,8148.1,8227.6,8233.6,8041.4,"416,92K","-0,96%"
"1135",2019-10-03,8226.9,8363.6,8391.7,8090.1,"460,97K","-1,64%"
"1136",2019-10-02,8364.1,8302.7,8374,8167.7,"405,86K","0,74%"
"1137",2019-10-01,8302.7,8285,8486.2,8187.9,"533,95K","0,22%"
"1138",2019-09-30,8284.3,8048.9,8318.5,7749,"600,26K","2,92%"
"1139",2019-09-29,8049.1,8208,8226.8,7922.1,"418,48K","-1,94%"
"1140",2019-09-28,8208.5,8184.5,8297.2,8031.1,"457,79K","0,29%"
"1141",2019-09-27,8184.9,8063.8,8257.4,7882.1,"561,40K","1,50%"
"1142",2019-09-26,8063.8,8432.5,8463.1,7773.6,"731,03K","-4,37%"
"1143",2019-09-25,8432.4,8512.3,8729.8,8245.1,"696,11K","-0,96%"
"1144",2019-09-24,8513.9,9702.7,9793.8,8069.4,"933,16K","-12,25%"
"1145",2019-09-23,9702.2,10031.3,10048.8,9656.3,"431,10K","-3,28%"
"1146",2019-09-22,10031.6,9993,10075,9870.9,"337,06K","0,39%"
"1147",2019-09-21,9993,10172.8,10177.9,9939.8,"326,17K","-1,77%"
"1148",2019-09-20,10172.7,10251.5,10279.5,10088.6,"362,07K","-0,76%"
"1149",2019-09-19,10250.5,10164.6,10297.6,9707.6,"542,25K","0,84%"
"1150",2019-09-18,10164.7,10195.7,10257.5,10119.3,"318,82K","-0,30%"
"1151",2019-09-17,10195.7,10254.6,10273.6,10153.5,"321,64K","-0,58%"
"1152",2019-09-16,10255.5,10311.3,10360.5,10108.5,"372,53K","-0,54%"
"1153",2019-09-15,10311.5,10337.3,10360.4,10272,"255,79K","-0,25%"
"1154",2019-09-14,10337.3,10342.2,10421.4,10253.7,"326,44K","-0,05%"
"1155",2019-09-13,10342.1,10415.2,10441.4,10174.1,"365,52K","-0,70%"
"1156",2019-09-12,10415.1,10162.4,10447.9,10051,"413,22K","2,49%"
"1157",2019-09-11,10162.5,10104.9,10257.5,9908.9,"413,06K","0,57%"
"1158",2019-09-10,10105.4,10308.7,10379.8,9970.7,"383,22K","-1,98%"
"1159",2019-09-09,10309,10402.1,10478,10095.7,"473,76K","-0,90%"
"1160",2019-09-08,10402.8,10461.6,10578,10266.3,"339,73K","-0,56%"
"1161",2019-09-07,10461.1,10306.9,10556.4,10302.3,"393,57K","1,47%"
"1162",2019-09-06,10309.3,10566.7,10896.2,10227.4,"643,02K","-2,44%"
"1163",2019-09-05,10566.9,10567.8,10630.7,10469.9,"402,09K","-0,01%"
"1164",2019-09-04,10568.2,10611.6,10783.6,10388.6,"504,45K","-0,42%"
"1165",2019-09-03,10612.3,10348.1,10756.8,10283.5,"578,79K","2,55%"
"1166",2019-09-02,10348.8,9728.8,10431.5,9720.3,"542,79K","6,37%"
"1167",2019-09-01,9729.3,9594.7,9799.5,9533.6,"322,66K","1,41%"
"1168",2019-08-31,9594.4,9585.5,9677.5,9457.3,"311,49K","0,09%"
"1169",2019-08-30,9585.4,9494.1,9675.7,9370.2,"413,92K","0,99%"
"1170",2019-08-29,9491,9729.1,9729.1,9343,"509,13K","-2,45%"
"1171",2019-08-28,9729.4,10184.7,10271.3,9629.6,"580,29K","-4,47%"
"1172",2019-08-27,10184.8,10372.2,10387.6,10060.2,"419,81K","-1,80%"
"1173",2019-08-26,10371.8,10136,10568.2,10136,"568,77K","2,32%"
"1174",2019-08-25,10136.3,10132.1,10307,9935.2,"422,53K","0,05%"
"1175",2019-08-24,10131,10389.4,10415.9,9917.5,"463,85K","-2,48%"
"1176",2019-08-23,10388.7,10104.9,10434.3,9921.4,"436,26K","2,81%"
"1177",2019-08-22,10105,10141.1,10218.2,9777,"520,75K","-0,36%"
"1178",2019-08-21,10141.5,10753.3,10797.8,9908,"717,65K","-5,68%"
"1179",2019-08-20,10752.6,10911.2,10941.6,10581,"515,47K","-1,45%"
"1180",2019-08-19,10910.7,10312.8,10923.9,10267.8,"519,01K","5,80%"
"1181",2019-08-18,10312.7,10219.3,10494.9,10086.7,"441,11K","0,93%"
"1182",2019-08-17,10218.1,10335.5,10460.7,10016.3,"497,77K","-1,14%"
"1183",2019-08-16,10335.6,10300.9,10734,9788.6,"798,67K","0,31%"
"1184",2019-08-15,10303.4,10053.3,10448.2,9580.1,"930,05K","2,53%"
"1185",2019-08-14,10049.4,10894.2,10894.5,9965.5,"745,59K","-7,74%"
"1186",2019-08-13,10892.9,11395,11445.6,10793.2,"540,78K","-4,40%"
"1187",2019-08-12,11394.2,11505.1,11508.6,11267.3,"391,08K","-1,07%"
"1188",2019-08-11,11517.2,11314.6,11728.4,11146.1,"435,83K","1,79%"
"1189",2019-08-10,11314.5,12090.5,12185,11281.6,"570,74K","-6,41%"
"1190",2019-08-09,12089.8,12190,12225.3,11885,"558,72K","-0,84%"
"1191",2019-08-08,12191.6,12015.9,12236.6,11727,"592,15K","1,48%"
"1192",2019-08-07,12013.9,11481,12114.5,11406.4,"702,85K","4,64%"
"1193",2019-08-06,11480.9,11817.6,12291.9,11237,"807,58K","-2,84%"
"1194",2019-08-05,11816.8,10934.8,11922.3,10934.8,"769,63K","8,07%"
"1195",2019-08-04,10934.6,10816.1,11017.7,10568.8,"585,71K","1,10%"
"1196",2019-08-03,10815.7,10519.9,10893.6,10504.5,"508,75K","2,81%"
"1197",2019-08-02,10520.1,10380.5,10664.8,10330.5,"578,29K","1,35%"
"1198",2019-08-01,10380,10081.9,10459,9890.6,"608,37K","2,96%"
"1199",2019-07-31,10082,9580.3,10100,9562.4,"589,84K","5,23%"
"1200",2019-07-30,9580.7,9580,9703,9483,"511,51K","-0,00%"
"1201",2019-07-29,9580.9,9728.5,9835.4,9502.5,"510,90K","-1,51%"
"1202",2019-07-28,9727.8,9491.1,9798.5,9401.1,"518,59K","2,48%"
"1203",2019-07-27,9492.1,9830.4,10232.3,9389.1,"661,89K","-3,45%"
"1204",2019-07-26,9831,9945.2,10436.1,9724.2,"493,75K","-1,15%"
"1205",2019-07-25,9945.3,9804.7,10203.5,9776.6,"545,85K","1,44%"
"1206",2019-07-24,9804.3,9887.2,9945.3,9584,"639,54K","-0,85%"
"1207",2019-07-23,9888.7,10412.8,10414.7,9865.4,"663,38K","-5,03%"
"1208",2019-07-22,10412.5,10715.1,10806.3,10196.5,"591,27K","-2,82%"
"1209",2019-07-21,10714.4,10827,10883.8,10442.5,"562,17K","-1,04%"
"1210",2019-07-20,10826.7,10571.9,11155.6,10462,"668,94K","2,41%"
"1211",2019-07-19,10571.5,10651.6,10758.4,10160.7,"727,79K","-0,75%"
"1212",2019-07-18,10651.4,9723.1,10787.1,9390,"974,49K","9,55%"
"1213",2019-07-17,9723.2,9425.1,9983.6,9082.6,"1,03M","3,17%"
"1214",2019-07-16,9424.8,10844,11019.5,9375.3,"1,05M","-13,10%"
"1215",2019-07-15,10845.9,10199.9,11064.7,9885.4,"956,52K","6,33%"
"1216",2019-07-14,10200.1,11364.3,11448.7,10128.9,"840,76K","-10,25%"
"1217",2019-07-13,11364.9,11762.8,11798.4,10839.4,"747,71K","-3,38%"
"1218",2019-07-12,11762.1,11343.7,11881.4,11109.8,"738,17K","3,70%"
"1219",2019-07-11,11342.3,12111.6,12111.6,11029,"943,13K","-6,34%"
"1220",2019-07-10,12110.6,12542.8,13134.4,11594.9,"1,11M","-3,44%"
"1221",2019-07-09,12541.5,12250.6,12772.9,12111.2,"847,84K","2,36%"
"1222",2019-07-08,12252.6,11415.8,12332.3,11304.8,"695,60K","7,33%"
"1223",2019-07-07,11415.9,11267.9,11524.6,11108.1,"601,93K","1,31%"
"1224",2019-07-06,11268,10969.8,11650.2,10967.9,"688,96K","2,71%"
"1225",2019-07-05,10970.2,11159.7,11381.8,10810.3,"772,67K","-1,73%"
"1226",2019-07-04,11163.1,11899.3,11948,11087.1,"840,34K","-6,20%"
"1227",2019-07-03,11900.8,10835.9,11931.8,10835.9,"998,73K","9,83%"
"1228",2019-07-02,10835.9,10615.5,10923.5,9728.5,"1,12M","2,07%"
"1229",2019-07-01,10616.6,10821.4,11254.5,10041.6,"1,04M","-1,87%"
"1230",2019-06-30,10818.6,11906,12179.3,10765.4,"880,77K","-9,14%"
"1231",2019-06-29,11906.5,12408,12422.9,11490.8,"834,62K","-4,05%"
"1232",2019-06-28,12409.1,11288.4,12461.8,10970.5,"1,09M","9,93%"
"1233",2019-06-27,11287.8,13062.4,13422,10493.5,"1,59M","-13,59%"
"1234",2019-06-26,13063.8,11811.6,13929.8,11747.3,"1,48M","10,62%"
"1235",2019-06-25,11809.9,11046.6,11833.9,11033.7,"781,09K","6,91%"
"1236",2019-06-24,11046.4,10897.3,11114.4,10622.6,"566,96K","1,37%"
"1237",2019-06-23,10897.1,10721.5,11361.3,10557.8,"683,79K","1,64%"
"1238",2019-06-22,10721.7,10178.1,11160.5,10031.3,"1,09M","5,33%"
"1239",2019-06-21,10179.3,9517.7,10184.3,9517.4,"769,12K","6,96%"
"1240",2019-06-20,9517,9255,9583.9,9188.4,"693,62K","2,83%"
"1241",2019-06-19,9255.4,9080.7,9295.1,9044,"587,57K","1,93%"
"1242",2019-06-18,9080.6,9318.9,9336.1,8962.7,"723,17K","-2,56%"
"1243",2019-06-17,9318.8,8961,9438.1,8959.8,"738,80K","3,98%"
"1244",2019-06-16,8962.5,8812.2,9332,8771.1,"849,77K","1,70%"
"1245",2019-06-15,8812.5,8655.8,8856.7,8582.3,"608,69K","1,81%"
"1246",2019-06-14,8656.1,8218.6,8685.3,8153.2,"643,17K","5,32%"
"1247",2019-06-13,8219,8132.4,8306.1,8028.6,"574,21K","1,06%"
"1248",2019-06-12,8133.1,7888,8198.1,7805.8,"607,89K","3,11%"
"1249",2019-06-11,7888,7987.8,8010.4,7714.5,"579,00K","-1,25%"
"1250",2019-06-10,7987.8,7635,8012.8,7523.6,"641,38K","4,62%"
"1251",2019-06-09,7635,7901.6,7937.5,7516.9,"554,48K","-3,37%"
"1252",2019-06-08,7901.4,7985.3,8044.4,7770.5,"485,81K","-1,05%"
"1253",2019-06-07,7985.2,7785.8,8099.4,7749.4,"588,87K","2,57%"
"1254",2019-06-06,7784.9,7779.6,7861.4,7480.4,"651,82K","0,08%"
"1255",2019-06-05,7779.1,7685.6,7885,7590.4,"762,94K","1,22%"
"1256",2019-06-04,7685.5,8118.1,8118.1,7494,"966,95K","-5,41%"
"1257",2019-06-03,8124.8,8728.6,8734.9,8102.7,"739,45K","-6,92%"
"1258",2019-06-02,8728.6,8545.8,8807.7,8534.8,"614,54K","2,14%"
"1259",2019-06-01,8545.7,8556.9,8615.8,8454,"686,75K","-0,15%"
"1260",2019-05-31,8558.3,8271.4,8578.8,8135,"858,41K","3,46%"
"1261",2019-05-30,8271.9,8647.8,9045.9,8054.7,"1,04M","-4,35%"
"1262",2019-05-29,8647.8,8715.6,8747.2,8435.3,"15,43M","-0,79%"
"1263",2019-05-28,8716.3,8759.4,8794.1,8568.8,"763,20K","-0,50%"
"1264",2019-05-27,8760.1,8628.9,8902.8,8607.3,"907,96K","1,51%"
"1265",2019-05-26,8630.2,8029.6,8718.6,7866.5,"872,12K","7,51%"
"1266",2019-05-25,8027.4,7971.4,8090.1,7919.1,"691,27K","0,72%"
"1267",2019-05-24,7970.1,7852.8,8124.1,7775.4,"868,47K","1,50%"
"1268",2019-05-23,7852.1,7637.2,7939.1,7486.8,"815,14K","2,83%"
"1269",2019-05-22,7635.7,7928.7,7999,7545.9,"821,40K","-3,72%"
"1270",2019-05-21,7930.3,7965,8056.8,7813.2,"804,88K","-0,44%"
"1271",2019-05-20,7965.3,8156.4,8156.4,7604,"958,81K","-2,35%"
"1272",2019-05-19,8157.2,7261.9,8253.4,7252.3,"1,08M","12,32%"
"1273",2019-05-18,7262.6,7359.9,7458.5,7189.4,"865,53K","-1,32%"
"1274",2019-05-17,7359.5,7871.9,7924,6998.6,"1,43M","-6,51%"
"1275",2019-05-16,7871.8,8164.8,8293.3,7720.4,"1,18M","-3,59%"
"1276",2019-05-15,8164.6,7994.8,8225.3,7856.5,"1,13M","2,13%"
"1277",2019-05-14,7994.6,7806.4,8323.9,7674,"1,33M","2,42%"
"1278",2019-05-13,7806,6984.7,8058.3,6893.1,"1,20M","11,76%"
"1279",2019-05-12,6984.8,7190,7518.9,6802.6,"1,35M","-2,86%"
"1280",2019-05-11,7190.3,6386.6,7373.8,6386.5,"1,31M","12,59%"
"1281",2019-05-10,6386,6194.3,6466.6,6157.8,"907,94K","3,14%"
"1282",2019-05-09,6191.5,5990.5,6206,5990,"799,96K","3,36%"
"1283",2019-05-08,5990.3,5849.4,6011.3,5799.1,"757,13K","2,41%"
"1284",2019-05-07,5849.5,5745.5,6019.8,5745.5,"955,88K","1,82%"
"1285",2019-05-06,5745.1,5775.1,5801.4,5630.5,"755,39K","-0,52%"
"1286",2019-05-05,5774.9,5830.8,5838.2,5708.2,"709,02K","-0,96%"
"1287",2019-05-04,5830.9,5768,5899.2,5605,"920,61K","1,11%"
"1288",2019-05-03,5766.8,5493.6,5844.2,5478.7,"1,04M","4,97%"
"1289",2019-05-02,5493.8,5384.6,5530.8,5370,"722,23K","2,04%"
"1290",2019-05-01,5384.2,5321.1,5396.3,5319.5,"623,64K","1,19%"
"1291",2019-04-30,5320.8,5235.4,5336.6,5195.9,"697,42K","1,64%"
"1292",2019-04-29,5235,5302.4,5322.9,5188.9,"775,82K","-1,27%"
"1293",2019-04-28,5302.3,5265.7,5332.5,5234.4,"681,41K","0,69%"
"1294",2019-04-27,5265.9,5298.2,5318.1,5225.4,"833,13K","-0,61%"
"1295",2019-04-26,5298.3,5209.2,5469.3,5159.3,"1,03M","1,71%"
"1296",2019-04-25,5209.1,5415.6,5528.2,5137.4,"955,36K","-3,81%"
"1297",2019-04-24,5415.6,5511.2,5589.6,5346.8,"994,04K","-1,74%"
"1298",2019-04-23,5511.6,5346.5,5594.4,5291.4,"900,00K","3,08%"
"1299",2019-04-22,5346.7,5248.2,5370.2,5170.2,"920,77K","1,97%"
"1300",2019-04-21,5243.5,5290.2,5308.2,5189.8,"811,41K","-0,88%"
"1301",2019-04-20,5290.2,5241,5327,5240.2,"782,32K","0,94%"
"1302",2019-04-19,5241,5264.8,5282.4,5192.1,"787,09K","-0,45%"
"1303",2019-04-18,5264.7,5208.3,5293.1,5205,"727,97K","1,08%"
"1304",2019-04-17,5208.3,5182.1,5230.9,5165.5,"806,52K","0,53%"
"1305",2019-04-16,5180.9,5031.4,5198.4,5014.4,"631,05K","2,95%"
"1306",2019-04-15,5032.3,5135.1,5168,4964.2,"688,20K","-2,00%"
"1307",2019-04-14,5134.8,5052,5153.5,5010.7,"566,38K","1,64%"
"1308",2019-04-13,5051.8,5054.2,5093.4,5011.6,"577,16K","-0,05%"
"1309",2019-04-12,5054.2,5022.7,5080.5,4889.2,"779,14K","0,63%"
"1310",2019-04-11,5022.6,5307.7,5337,4948,"943,49K","-5,37%"
"1311",2019-04-10,5307.8,5158.4,5404.1,5142.9,"837,51K","2,89%"
"1312",2019-04-09,5158.4,5245,5245.9,5095.2,"784,62K","-1,65%"
"1313",2019-04-08,5245.2,5173.5,5300.6,5060.5,"928,23K","1,38%"
"1314",2019-04-07,5173.6,5046.1,5219.5,5033.7,"841,27K","2,53%"
"1315",2019-04-06,5046.2,5010,5198.4,4947.9,"952,18K","0,72%"
"1316",2019-04-05,5010.2,4902.5,5029.4,4888.3,"851,72K","2,20%"
"1317",2019-04-04,4902.4,4968.7,5042.5,4789.2,"1,05M","-1,33%"
"1318",2019-04-03,4968.7,4859.3,5278.4,4814,"13,83M","2,25%"
"1319",2019-04-02,4859.3,4145.1,4899.6,4143.5,"14,77M","17,23%"
"1320",2019-04-01,4145.1,4102.3,4159.1,4076.8,"3,22M","1,04%"
"1321",2019-03-31,4102.3,4111.8,4121.9,4082.2,"2,43M","-0,23%"
"1322",2019-03-30,4111.8,4103.7,4138.1,4057.1,"2,55M","0,23%"
"1323",2019-03-29,4102.2,4025.7,4123.1,4022.6,"3,30M","1,90%"
"1324",2019-03-28,4025.6,4041.7,4041.7,4008.4,"2,11M","-0,40%"
"1325",2019-03-27,4041.7,3942.8,4043.3,3936.2,"2,78M","2,51%"
"1326",2019-03-26,3942.8,3937.1,3950.7,3899.9,"2,53M","0,15%"
"1327",2019-03-25,3937,3994.8,4000.5,3897.9,"2,86M","-1,44%"
"1328",2019-03-24,3994.7,4002.6,4005.7,3967,"2,04M","-0,20%"
"1329",2019-03-23,4002.5,3990.4,4018.2,3980.8,"2,00M","0,30%"
"1330",2019-03-22,3990.4,3982.2,4005.7,3971.8,"2,83M","0,21%"
"1331",2019-03-21,3982.2,4041.2,4064,3923.8,"3,88M","-1,46%"
"1332",2019-03-20,4041.2,4017,4050,3985.3,"3,18M","0,60%"
"1333",2019-03-19,4017,3990.2,4029.9,3972.4,"2,99M","0,67%"
"1334",2019-03-18,3990.2,3981.5,4032.3,3958.5,"2,62M","0,22%"
"1335",2019-03-17,3981.5,4006.4,4009.8,3956.3,"1,87M","-0,62%"
"1336",2019-03-16,4006.4,3924.4,4050.6,3923.7,"3,46M","2,09%"
"1337",2019-03-15,3924.3,3879,3935.7,3874.8,"3,11M","1,17%"
"1338",2019-03-14,3879,3865.1,3914.7,3828.4,"2,86M","0,36%"
"1339",2019-03-13,3865.1,3885.9,3894.7,3847.4,"2,28M","-0,54%"
"1340",2019-03-12,3886,3870.3,3900.1,3817.1,"2,90M","0,41%"
"1341",2019-03-11,3870.3,3915.2,3935.5,3842.4,"3,19M","-1,15%"
"1342",2019-03-10,3915.2,3944.4,3944.5,3889.2,"1,89M","-0,74%"
"1343",2019-03-09,3944.3,3865.6,3964,3859.7,"2,48M","2,03%"
"1344",2019-03-08,3865.9,3875.1,3929,3810.7,"2,96M","-0,24%"
"1345",2019-03-07,3875.1,3863.1,3907.4,3847.9,"2,60M","0,32%"
"1346",2019-03-06,3863,3857.2,3887.3,3816.7,"2,52M","0,15%"
"1347",2019-03-05,3857.2,3715.9,3873.2,3705.7,"3,82M","3,80%"
"1348",2019-03-04,3715.9,3809.7,3828.4,3681.8,"2,85M","-2,45%"
"1349",2019-03-03,3809.5,3823.2,3836.6,3789.7,"1,51M","-0,36%"
"1350",2019-03-02,3823.1,3821.9,3843.2,3783.6,"1,61M","0,03%"
"1351",2019-03-01,3821.9,3816.7,3855.8,3816.4,"1,74M","0,14%"
"1352",2019-02-28,3816.6,3814.6,3883.7,3783.3,"2,31M","0,05%"
"1353",2019-02-27,3814.6,3810.3,3836.4,3701.9,"2,82M","0,11%"
"1354",2019-02-26,3810.3,3833.5,3845.5,3775,"2,09M","-0,61%"
"1355",2019-02-25,3833.7,3755.7,3870.7,3753.8,"765,87K","2,09%"
"1356",2019-02-24,3755.2,4120.5,4194.2,3738.7,"977,78K","-8,86%"
"1357",2019-02-23,4120.4,3965.2,4152.6,3939.4,"727,85K","3,91%"
"1358",2019-02-22,3965.2,3937.4,3983.1,3931.7,"649,55K","0,73%"
"1359",2019-02-21,3936.6,3972,4011.5,3909.2,"668,16K","-0,90%"
"1360",2019-02-20,3972.4,3914.3,3983.6,3881.2,"698,01K","1,48%"
"1361",2019-02-19,3914.3,3896.4,3993.8,3863.7,"1,44M","0,47%"
"1362",2019-02-18,3896,3664.2,3903.7,3655.1,"933,15K","6,33%"
"1363",2019-02-17,3664.2,3616.8,3689.9,3607.9,"580,51K","1,31%"
"1364",2019-02-16,3616.8,3604.7,3641.9,3599.7,"485,63K","0,34%"
"1365",2019-02-15,3604.7,3592.6,3648.3,3581.4,"516,21K","0,34%"
"1366",2019-02-14,3592.6,3611.5,3624.5,3580.2,"498,14K","-0,52%"
"1367",2019-02-13,3611.5,3632,3663.5,3599.2,"558,02K","-0,56%"
"1368",2019-02-12,3632,3631.8,3656.4,3594.4,"545,82K","0,01%"
"1369",2019-02-11,3631.8,3678.8,3681.1,3623.8,"517,28K","-1,28%"
"1370",2019-02-10,3679,3661,3680.6,3617.1,"501,90K","0,48%"
"1371",2019-02-09,3661.4,3661.6,3675.3,3633.2,"454,80K","-0,01%"
"1372",2019-02-08,3661.7,3397.3,3721.1,3382.5,"699,23K","7,77%"
"1373",2019-02-07,3397.7,3404.9,3421.8,3390.3,"471,36K","-0,20%"
"1374",2019-02-06,3404.3,3468.5,3478,3383.9,"514,21K","-1,85%"
"1375",2019-02-05,3468.4,3463,3485.9,3450.3,"460,95K","0,16%"
"1376",2019-02-04,3462.8,3459,3479.7,3437.1,"503,92K","0,11%"
"1377",2019-02-03,3459.1,3502.3,3507.8,3431.3,"451,66K","-1,24%"
"1378",2019-02-02,3502.5,3467.9,3514.5,3447.8,"443,60K","1,00%"
"1379",2019-02-01,3467.9,3437.7,3485.7,3415.3,"481,58K","0,90%"
"1380",2019-01-31,3437.2,3460,3484.7,3427,"477,07K","-0,66%"
"1381",2019-01-30,3460,3414.6,3479,3394.2,"600,25K","1,32%"
"1382",2019-01-29,3414.8,3442.8,3450.1,3368.2,"585,46K","-0,81%"
"1383",2019-01-28,3442.8,3555.8,3561.2,3395.7,"620,85K","-3,17%"
"1384",2019-01-27,3555.6,3570.9,3583.2,3509.2,"464,02K","-0,43%"
"1385",2019-01-26,3570.9,3572,3652.5,3556.1,"432,55K","-0,03%"
"1386",2019-01-25,3572,3574.3,3582.6,3542.2,"448,89K","-0,06%"
"1387",2019-01-24,3574.3,3561.4,3587,3539.7,"428,60K","0,36%"
"1388",2019-01-23,3561.5,3580.1,3608.3,3532.8,"445,87K","-0,52%"
"1389",2019-01-22,3580.1,3536.9,3607.9,3465.2,"447,70K","1,23%"
"1390",2019-01-21,3536.7,3542.7,3561.4,3505.4,"394,17K","-0,16%"
"1391",2019-01-20,3542.3,3676.2,3699.1,3503.9,"563,31K","-3,68%"
"1392",2019-01-19,3677.8,3605.8,3715.2,3604.1,"537,06K","2,00%"
"1393",2019-01-18,3605.6,3626.3,3627.9,3575.7,"488,16K","-0,57%"
"1394",2019-01-17,3626.4,3588.1,3636.7,3554.8,"525,10K","1,07%"
"1395",2019-01-16,3588,3570.6,3644.1,3561.4,"487,34K","0,47%"
"1396",2019-01-15,3571.3,3637.5,3660.8,3545.7,"544,85K","-1,84%"
"1397",2019-01-14,3638.1,3490.4,3672,3490.4,"539,93K","4,24%"
"1398",2019-01-13,3490.2,3597.3,3617.6,3473.2,"452,79K","-2,98%"
"1399",2019-01-12,3597.2,3616.6,3633.9,3561.3,"435,06K","-0,53%"
"1400",2019-01-11,3616.5,3603.3,3655.7,3563.1,"551,64K","0,35%"
"1401",2019-01-10,3603.7,3978.9,4007.7,3562.1,"697,31K","-9,41%"
"1402",2019-01-09,3978,3971,4014.2,3957.5,"473,42K","0,17%"
"1403",2019-01-08,3971,3985.8,4070.5,3943.1,"514,08K","-0,37%"
"1404",2019-01-07,3985.9,4004.3,4028,3945.5,"500,88K","-0,45%"
"1405",2019-01-06,4004.1,3785.7,4034.1,3758.5,"529,89K","5,78%"
"1406",2019-01-05,3785.4,3802.8,3846.7,3769,"468,45K","-0,46%"
"1407",2019-01-04,3802.7,3780.5,3823.9,3720,"488,70K","0,60%"
"1408",2019-01-03,3780.1,3874.1,3875.8,3753,"450,32K","-2,42%"
"1409",2019-01-02,3873.8,3809.7,3894.8,3768.1,"554,47K","1,69%"
"1410",2019-01-01,3809.4,3709.5,3814.3,3664.4,"469,11K","2,69%"
